statenum,year,popul,lpc_viol,lpc_prop,lpc_murd,efamurd,efaviol,efaprop,xxprison,xxpolice,xxunemp,xxincome,xxpover,xxafdc15,xxgunlaw,xxbeer
1,85,3973,1.53272,3.562942,-2.3058619,.00085950003,.0091468999,.036162499,.95266563,.76266283,.089079998,9.7031927,20.6,3077.6289,1,18.700001
1,86,3992,1.734365,3.6342521,-2.278332,.0013463,.0140997,.055097401,.99529117,.79090267,.098329999,9.7459497,23.799999,2805.7781,1,19.299999
1,87,4015,1.73817,3.6783509,-2.357621,.0052518998,.0315466,.1049932,1.0584019,.81891429,.077749997,9.7620916,21.299999,3455.7419,1,19.4
1,88,4024,1.745476,3.7149351,-2.288764,.0096834004,.051824801,.1633016,1.143818,.88033438,.072080001,9.7817698,19.299999,3210,1,19.4
1,89,4030,1.7979029,3.7196901,-2.258889,.022214301,.0880652,.25017679,1.121946,.94103181,.070249997,9.8025274,18.9,3789.4929,1,19.4
1,90,4050,1.9557379,3.7369289,-2.1601429,.0458243,.1378499,.35555169,1.214463,.98910749,.067749999,9.81429,19.200001,3436.729,1,20.1
1,91,4090,2.132936,3.811173,-2.1656981,.081772499,.20478781,.48569709,1.333375,1.031381,.071999997,9.8192596,18.799999,3486.4319,1,20.1
1,92,4138,2.1647501,3.7828979,-2.20767,.1327949,.28639179,.63491219,1.388736,1.0611629,.072999999,9.8452864,17.1,3591.386,1,20.4
1,93,4187,2.054656,3.7131701,-2.157655,.2010943,.3872925,.80241227,1.4093471,1.0648611,.075000003,9.8521605,17.4,3308.4661,1,20.299999
1,94,4219,1.922304,3.74227,-2.1307471,.2859343,.50847429,.98834729,1.467732,1.088048,.059999999,9.8793344,16.4,2944.7109,1,21
1,95,4262.73,1.841993,3.7391169,-2.19435,.39417249,.64310682,1.173354,1.5345531,1.1005861,.063000001,9.9244041,20.1,2571.116,1,20.6
1,96,4290.3999,1.728276,3.7465429,-2.268311,.51801097,.79210341,1.3614759,1.581093,1.146687,.050999999,9.9400272,14,2245.9409,1,21
1,97,4319,1.730698,3.7670629,-2.31634,.65786332,.94516373,1.533093,1.623693,1.179529,.050999999,9.9372702,15.7,2175.4819,1,20.799999
2,85,532,1.7400039,3.948493,-2.3448181,.0081041995,.044875901,.14260089,.92249709,1.051474,.096079998,10.22164,8.6999998,9481.083,0,27.4
2,86,544,1.722635,4.020185,-2.4703081,.0184179,.078508899,.2273047,1.05638,1.0802751,.10908,10.1696,11.4,10272,0,27.700001
2,87,539,1.489751,3.870002,-2.3194239,.0393259,.12778351,.33447021,1.1192321,1.01959,.108,10.1013,12,9768.2285,0,26.700001
2,88,542,1.599052,3.728934,-2.9279699,.072701998,.1890161,.44901401,1.187323,1.159201,.092249997,10.09945,11,9239.5947,0,26.200001
2,89,547,1.567625,3.719795,-2.5667789,.1243887,.26812461,.58172208,1.234141,1.268973,.067419998,10.14316,10.5,10235.54,0,25.9
2,90,554,1.650115,3.8275809,-2.6035931,.1895085,.35100561,.70219368,1.249362,1.262897,.070249997,10.1504,11.4,9701.5977,0,26.6
2,91,569,1.816352,3.9311709,-2.6062109,.27087599,.45840549,.85729492,1.2063169,1.253279,.085000001,10.14376,11.8,9714.6221,0,25.299999
2,92,588,1.88609,3.891959,-2.5925369,.3626096,.56485391,.99188071,1.17364,1.006636,.090999998,10.14395,10,9471.0898,0,25.700001
2,93,599,2.0291581,3.872695,-2.4062779,.46698341,.68192607,1.118691,1.195776,.84948212,.075999998,10.14888,9.1000004,9275.5215,0,23.299999
2,94,606,2.0364511,3.900305,-2.769294,.58354002,.80036682,1.2299221,1.506856,1.015085,.078000002,10.14583,10.2,8648.4297,1,24.700001
2,95,601.34497,2.0467429,3.913012,-2.3918359,.70255238,.91122007,1.313529,1.692371,.96272081,.072999999,10.15354,7.0999999,8391.1895,1,24.5
2,96,604.91803,1.9881231,3.8584089,-2.5984299,.81035602,1.005283,1.372596,1.762777,1.0549721,.078000002,10.14762,8.1999998,9471.0889,1,22.4
2,97,609,1.947551,3.8224111,-2.4228339,.91358322,1.095627,1.428421,1.812615,1.066839,.079000004,10.12643,8.8000002,10298.61,1,23.5
3,85,3184,1.796876,4.1774321,-2.528559,.0011666,.0125391,.0499257,.91348273,1.045493,.065080002,9.8893538,10.7,6353.814,0,29.799999
3,86,3308,1.88717,4.2018871,-2.3772509,.0018663,.0193005,.074711002,.95485902,1.037196,.069250003,9.9277897,14.3,5706.667,0,30.6
3,87,3437,1.797562,4.171061,-2.6089649,.0059774001,.038729701,.1318669,1.0050941,1.058835,.062749997,9.9293137,12.8,5851.7231,0,29.799999
3,88,3535,1.788785,4.2087498,-2.4868889,.0126792,.067142099,.2097583,1.122285,1.060559,.062579997,9.9251328,14.1,5422.2969,0,29.4
3,89,3622,1.772619,4.2937751,-2.726722,.028097499,.1136945,.32059899,1.22743,1.070886,.052250002,9.9155645,14.1,4922.4341,0,29
3,90,3681,1.871154,4.2774091,-2.561965,.058572002,.17838299,.4533543,1.2657731,1.078956,.05325,9.9015169,13.7,4689.7031,0,28.6
3,91,3746,1.904249,4.2109561,-2.5551209,.1073341,.2621744,.60420948,1.323873,1.094165,.057,9.8908491,14.8,4738.8398,0,28
3,92,3832,1.903338,4.1522598,-2.5081389,.1777389,.36874381,.786331,1.380136,1.21918,.074000001,9.903594,15.1,4576.6338,0,28
3,93,3936,1.967098,4.2071891,-2.45192,.26524511,.48365811,.96193922,1.425758,1.2094899,.061999999,9.9097385,15.4,4312.8218,0,28.1
3,94,4075,1.950387,4.2796369,-2.2581871,.37141159,.61874598,1.149345,1.481524,1.229632,.064000003,9.945507,15.9,4218.1001,1,27.200001
3,95,4306.9102,1.944139,4.2966452,-2.2834761,.4972105,.76338333,1.327659,1.5780801,1.211722,.050999999,9.9777288,16.1,4067.0391,1,27.4
3,96,4432.3101,1.841962,4.1634431,-2.464431,.63253278,.91104019,1.488791,1.60041,1.2131,.055,10.00303,20.5,3411.2871,1,27.5
3,97,4555,1.830551,4.185297,-2.4970551,.77789122,1.063307,1.6470439,1.627834,1.2569391,.046,9.9982986,17.200001,3812.083,1,26.9
4,85,2327,1.259432,3.4910359,-2.5212269,.00053720002,.0059329001,.0240697,.65850222,.67003739,.086329997,9.6755266,22.9,4467.5259,0,18.1
4,86,2332,1.3902529,3.5808589,-2.502208,.00086229999,.0090934997,.035713699,.70849931,.67951798,.087580003,9.7059393,21.299999,4612.8892,0,18.700001
4,87,2342,1.435349,3.6657381,-2.554754,.0028170999,.018693401,.064024799,.79401648,.70274931,.081,9.705574,21.799999,5160.5742,0,19
4,88,2343,1.474576,3.6699431,-2.4073291,.0056274999,.031209299,.099587597,.85210508,.71594262,.076669998,9.7215319,21.6,4858.3779,0,18.9
4,89,2346,1.5806381,3.734427,-2.4472611,.0126688,.052941602,.1524305,.91654682,.73268801,.072420001,9.7373695,18.299999,5000.5679,0,19
4,90,2355,1.670068,3.767422,-2.2794991,.027463701,.087551899,.2275137,1.026142,.7495001,.068829998,9.736311,19.6,4474.9072,0,19.9
4,91,2371,1.780875,3.825068,-2.195118,.049270801,.1273765,.30326009,1.127766,.76344138,.072999999,9.7430677,17.299999,4129.561,0,19.9
4,92,2394,1.753947,3.736217,-2.2238929,.084233098,.1824397,.3985005,1.1807621,.85012567,.071999997,9.7886286,17.4,4417.7231,0,20
4,93,2424,1.780489,3.741816,-2.2837861,.12934241,.2435929,.4928281,1.230559,.86627167,.061999999,9.7851419,20,4224.2031,0,19.700001
4,94,2453,1.783573,3.738533,-2.1214869,.183017,.3128731,.58995211,1.1920201,.76477683,.052999999,9.8136311,15.3,3820.165,0,19.700001
4,95,2480.1201,1.712077,3.724283,-2.2592349,.2489707,.38932931,.68726468,1.259438,.94767249,.048999999,9.86446,14.9,3389.199,1,19.5
4,96,2504.8601,1.659026,3.733726,-2.4369161,.32151231,.472092,.78191757,1.332509,1.012138,.054000001,9.8852339,17.200001,2881.584,1,20.1
4,97,2523,1.6617889,3.735714,-2.311743,.39894781,.5535816,.86273873,1.323222,1.054459,.052999999,9.8831072,19.700001,2474.8601,1,19.799999
5,85,26441,2.0321779,4.0493832,-2.256068,.022780901,.1265792,.40183729,.4772709,.98073733,.07192,10.0997,13.6,9530.7217,0,24
5,86,27102,2.215312,4.0632281,-2.1884079,.051137999,.2155156,.61707407,.60305393,.95914721,.066749997,10.12727,12.7,9701.333,0,24.700001
5,87,27777,2.2129021,4.0191712,-2.251256,.1092392,.35073671,.90669131,.75608277,.98407561,.057670001,10.1343,12.3,9722.1543,0,24.1
5,88,28464,2.219368,4.033596,-2.2715919,.2042373,.52506912,1.2329021,.84728241,.97681159,.052999999,10.14166,13.2,9152.8379,0,23.6
5,89,29218,2.274668,4.0526662,-2.2248459,.34632769,.73793632,1.585361,.95244747,.96942109,.050829999,10.14231,12.9,9336.998,0,23.700001
5,90,29889,2.3424661,4.0135741,-2.129698,.53322053,.97845632,1.9384969,1.060048,.97984481,.056170002,10.14162,13.9,8878.2158,0,23.799999
5,91,30407,2.387814,4.039115,-2.064265,.75174218,1.239061,2.2811689,1.147101,.99241751,.075000003,10.11071,15.7,9274.5859,0,22.299999
5,92,30895,2.414757,4.0172372,-2.0642481,1.002434,1.519212,2.6194611,1.175536,1.073334,.090999998,10.11494,15.8,9947.8223,0,21.299999
5,93,31211,2.3774741,3.9851141,-2.03076,1.26903,1.808477,2.930964,1.2278039,1.048752,.092,10.0985,18.200001,9393.6816,0,20.799999
5,94,31431,2.3154981,3.9436829,-2.1386509,1.550488,2.1031101,3.2140789,1.309132,1.010666,.086000003,10.09951,17.9,9046.3643,0,20.1
5,95,31493.5,2.271035,3.8876951,-2.188201,1.845479,2.4034369,3.480608,1.385347,1.0173661,.078000002,10.15592,16.700001,9326.1396,0,19.700001
5,96,31780.801,2.1578929,3.7746899,-2.3886499,2.12975,2.683847,3.705745,1.4602669,1.0531451,.071999997,10.17864,16.9,8814.2568,0,19.1
5,97,32268,2.0772619,3.705512,-2.526674,2.4077549,2.9540119,3.915041,1.536401,1.0900331,.063000001,10.17519,16.6,8921.4717,0,19.5
6,85,3209,1.556585,4.173193,-2.8319681,.0024586001,.026074501,.102827,.067098297,1.001165,.05875,10.00078,10.2,8339.3818,0,25.200001
6,86,3237,1.664724,4.1848879,-2.6443231,.0038296001,.039229099,.15075821,.1235487,.99460119,.074170001,10.00159,13.5,8274.667,0,25.5
6,87,3260,1.553225,4.1026182,-2.837209,.0133942,.080108799,.26293579,.2477382,1.0127521,.076669998,9.9944267,12.5,8247.7041,0,24.799999
6,88,3262,1.561592,4.0526061,-2.8589871,.0267218,.13493951,.40937111,.43090561,1.018438,.06442,10.01883,12.5,9022.7031,0,24.200001
6,89,3276,1.562953,4.0320659,-3.1107719,.060293801,.2268144,.61519992,.62365061,1.030429,.057920001,10.04306,12.1,7774.3208,0,23.9
6,90,3309,1.655678,4.0079432,-3.1771481,.1238391,.3493154,.85065538,.80371392,1.024559,.04958,10.04625,13.7,7159.8521,0,24.200001
6,91,3370,1.723561,4.0120959,-2.8293631,.22353961,.51023269,1.12419,.84080088,1.012946,.050000001,10.05476,10.4,6871.3169,0,23.5
6,92,3465,1.75731,3.9867051,-2.7751889,.3554377,.68281001,1.386979,.91236621,1.146224,.059,10.06634,10.6,6515.3472,0,23.700001
6,93,3566,1.735673,3.9038911,-2.8513241,.52001268,.88004601,1.655269,.95417857,1.145591,.052000001,10.07967,9.8999996,6203.375,0,23.5
6,94,3656,1.628511,3.873023,-2.91082,.69913793,1.082698,1.894377,.97583932,1.151409,.041999999,10.09746,9,5915.9512,0,23.1
6,95,3738.0601,1.48443,3.905592,-2.8510439,.90376252,1.296172,2.115839,1.075462,1.109584,.041999999,10.16635,8.8000002,5586.334,0,24.4
6,96,3812.72,1.400108,3.8558249,-3.0531399,1.1110491,1.509737,2.3174169,1.085039,1.195979,.041999999,10.19144,10.6,5445.3472,0,24.799999
6,97,3893,1.289757,3.7582271,-3.21069,1.323846,1.7199039,2.495858,1.182415,1.210713,.033,10.2039,8.1999998,5528.5181,0,24
7,85,3201,1.382695,3.7533889,-3.2837269,.0024301,.026176101,.104379,.1643412,.97146952,.048500001,10.21292,7.5999999,11764.48,1,20.799999
7,86,3224,1.4378279,3.7739511,-3.081166,.0038163001,.039735101,.1545973,.2335237,.99455839,.037919998,10.26861,6,11651.11,1,20.6
7,87,3247,1.4216191,3.8124149,-3.0356309,.0133961,.082357697,.2737211,.2940205,1.0131789,.03317,10.30923,6.5999999,11426.99,1,21.1
7,88,3272,1.506452,3.828263,-2.9341011,.026054399,.1358868,.4188742,.35633609,1.028453,.029920001,10.3554,4,10237.3,1,20.700001
7,89,3283,1.619198,3.8489671,-2.849489,.058848601,.2281625,.63087511,.36704281,1.042676,.036419999,10.36652,2.9000001,10352.74,1,19.799999
7,90,3288,1.711197,3.8777881,-2.986047,.1236864,.36185011,.89992863,.65321952,1.027616,.050829999,10.3493,6,9594.2002,1,19.799999
7,91,3290,1.686118,3.876569,-2.8675339,.2219303,.52937651,1.198331,.8601194,1.0142519,.067000002,10.32414,8.6000004,9105.3428,1,18.700001
7,92,3279,1.600677,3.8199921,-2.9833059,.36119619,.72517753,1.512791,.95912892,.96331352,.075000003,10.34384,9.3999996,9471.0898,1,18.299999
7,93,3277,1.5177161,3.7362809,-2.766808,.53866822,.94426978,1.820397,.9865312,.98834902,.061999999,10.34354,8.5,9452.7617,1,17.9
7,94,3275,1.516117,3.711746,-2.7234349,.74004281,1.184507,2.1261351,1.165208,.99484408,.056000002,10.3613,10.8,8887.1904,1,17.9
7,95,3265.29,1.403888,3.7158921,-3.0804689,.97106552,1.430877,2.404192,1.47952,1.007679,.055,10.451,9.6999998,8367.8154,1,17.6
7,96,3267.03,1.418067,3.6438241,-3.029042,1.2103339,1.685873,2.6640191,1.511345,1.026462,.057,10.47449,11.7,7500.5942,1,17.200001
7,97,3270,1.36317,3.581691,-3.272264,1.4603519,1.943051,2.9025421,1.524635,1.036083,.050999999,10.48662,8.6000004,8023.3369,1,17.5
8,85,618,1.472665,3.8193109,-3.025291,.0024881,.025798401,.1000617,.92669398,.92992288,.05367,9.9963341,11.4,6502.7319,0,26.200001
8,86,628,1.459577,3.7931609,-3.008553,.0036156999,.03658,.13922749,1.046012,.95314372,.043329999,10.03209,12.4,5849.333,0,26
8,87,637,1.471276,3.8193841,-2.9602621,.0154887,.0841543,.26512611,1.136117,.96659631,.033330001,10.04857,6.5999999,5390.958,0,25.9
8,88,648,1.526123,3.790518,-2.94753,.0275547,.13302431,.3946279,1.220631,1.0083129,.031580001,10.07772,8.6000004,4771.6221,0,25.700001
8,89,658,1.7389719,3.7857771,-2.9628439,.064027399,.2241744,.58872211,1.225499,1.044173,.035829999,10.10361,10,6524.1792,0,24.9
8,90,669,1.875589,3.8469939,-3.0092759,.12945241,.33805439,.79678959,1.2444789,1.0721771,.052329998,10.0948,6.9000001,6372.2681,0,25.799999
8,91,681,1.964614,3.9411111,-2.9126439,.2233092,.47894129,1.023715,1.2088929,1.097116,.061999999,10.08306,7.5,6769.771,0,24.9
8,92,691,1.823568,3.7412469,-3.0724039,.3448731,.63168931,1.256969,1.289625,1.039638,.052999999,10.09146,7.5999999,6864.9512,0,25.200001
8,93,700,1.925499,3.7343991,-2.9957321,.4881199,.79941583,1.481577,1.364717,1.049677,.052999999,10.09208,10.2,6351.0752,0,26.200001
8,94,706,1.878751,3.7483699,-3.063108,.63999152,.97887152,1.696705,1.379485,1.320612,.048999999,10.13125,8.3000002,5783.3071,0,25.9
8,95,718.26501,1.9791909,3.7900679,-3.3579631,.82295501,1.173457,1.911889,1.844633,1.045777,.043000001,10.22965,10.3,5890.1938,0,24.6
8,96,727.09003,1.896652,3.7411089,-3.1550629,.99823028,1.362728,2.0993011,1.899949,1.0345089,.052000001,10.26239,8.6000004,5487.7231,0,24.6
8,97,732,1.913784,3.7978201,-3.705409,1.1900719,1.561664,2.293757,1.949904,1.015844,.039999999,10.26168,9.6000004,5648.27,0,24.9
10,85,11351,2.243252,4.1959782,-2.170023,.0027467001,.0298163,.1195397,.88534582,1.079438,.059829999,9.9596233,13.4,4417.8872,0,29.1
10,86,11668,2.3390479,4.2761359,-2.14131,.0045218002,.0466341,.18014459,.91996652,1.080776,.05717,9.9987841,11.4,4375.1108,0,29.5
10,87,11997,2.3288929,4.316812,-2.169116,.0153223,.0942875,.31302121,1.015986,1.117236,.05333,10.0134,12.4,4469.4258,1,29.6
10,88,12306,2.4196489,4.3650098,-2.162251,.0290055,.15244851,.47133449,.99226648,1.146528,.04992,10.02637,13.6,4641.4858,1,28.299999
10,89,12638,2.4090331,4.3457718,-2.196671,.069381103,.26666531,.73087662,1.036105,1.1751111,.056079999,10.05851,12.5,4180.1621,1,28.200001
10,90,13005,2.5160079,4.3211408,-2.2439749,.14026301,.41053689,1.0172369,1.1513211,1.186307,.059330001,10.04745,14.4,4367.5088,1,28
10,91,13273,2.47206,4.2993379,-2.3641901,.2560775,.60523218,1.354615,1.227455,1.194121,.072999999,10.02699,15.4,4298.8052,1,27
10,92,13483,2.4912591,4.270215,-2.4124629,.41769129,.82313681,1.691079,1.254387,1.364915,.082000002,10.02214,15.3,4544.8521,1,26.700001
10,93,13679,2.4899321,4.2689958,-2.413738,.61924422,1.0663249,2.017596,1.275691,1.3677109,.07,10.0434,17.799999,4342.3618,1,26.1
10,94,13953,2.439579,4.2631259,-2.4829731,.84352893,1.316511,2.311482,1.3522201,1.4153301,.066,10.06779,14.9,4297.687,1,25.799999
10,95,14185.4,2.3697641,4.1929088,-2.6158819,1.099893,1.577217,2.5750749,1.4103,1.4305249,.055,10.10741,16.200001,4090.4131,1,25.4
10,96,14426.9,2.3505001,4.1642299,-2.5949161,1.351626,1.8330131,2.800525,1.504777,1.276116,.050999999,10.12828,14.2,3559.604,1,25.299999
10,97,14654,2.3258951,4.134881,-2.672785,1.616429,2.082258,2.991662,1.486078,1.344834,.048,10.12014,14.3,3672.373,1,25.200001
11,85,5963,1.625937,3.8314519,-2.2636089,.0020526999,.0219144,.086835504,.91687328,.87189192,.065420002,9.8621273,17.700001,5112.835,0,21.4
11,86,6085,1.774047,3.8883431,-2.182704,.0032563,.033515099,.12926701,.9463883,.87468582,.059250001,9.9138088,14.6,4850.667,0,22.1
11,87,6208,1.754007,3.956481,-2.133723,.0099505996,.064273097,.21762221,.9573428,.90328962,.054749999,9.9307976,14.6,4607.6558,0,22.299999
11,88,6316,1.90851,4.0495958,-2.1334381,.0222761,.114759,.3521578,1.049081,.981574,.057999998,9.9528627,14,4554.729,0,21.700001
11,89,6411,1.999699,4.1529279,-2.0564661,.047939699,.1899704,.52656257,1.048285,1.05382,.055330001,9.9539089,15,3945.761,1,21.5
11,90,6508,2.018707,4.090971,-2.1383009,.10056,.2974467,.73874122,1.1184829,1.0339659,.054499999,9.9532976,15.8,3579.926,1,22.299999
11,91,6628,1.9983521,4.051929,-2.0549991,.18580879,.43820521,.98297358,1.202943,1.014001,.050000001,9.941865,17.200001,3249.49,1,21.200001
11,92,6773,1.988948,4.0349178,-2.2126989,.3017064,.59922028,1.2370811,1.2445821,1.23093,.068999998,9.9585648,17.799999,3210,1,21.6
11,93,6917,1.978421,4.001832,-2.1709709,.44680601,.77554703,1.483591,1.2998331,1.313622,.057999998,9.9678726,13.5,3160.7671,1,21.700001
11,94,7055,1.8986,3.978312,-2.3061349,.61171103,.96361601,1.7099,1.364776,1.303676,.052000001,9.9982405,14,3130.4141,1,21.4
11,95,7188.54,1.884382,3.980768,-2.3537481,.79749632,1.16144,1.919361,1.555568,1.272274,.048999999,10.05544,12.1,3108.7129,1,21.5
11,96,7332.23,1.857145,4.0407729,-2.454314,.99157822,1.357491,2.1041059,1.561666,1.301293,.046,10.07977,14.8,3178.218,1,22
11,97,7486,1.802654,3.94837,-2.5875101,1.186343,1.550022,2.268805,1.5670331,1.3379591,.045000002,10.08141,14.5,3392.9529,1,21.6
12,85,1040,.79932469,3.921612,-3.185776,.0143744,.080578499,.25693151,.2575638,.97961259,.056249999,9.9704571,10.7,11963.04,0,27.700001
12,86,1052,.90635562,4.0032811,-3.026623,.032286599,.138252,.39980921,.31705421,.98682088,.048829999,10.01452,10.7,13553.33,0,28
12,87,1068,.9818821,4.0311699,-3.0222991,.068583898,.2226833,.58045489,.3686749,.97463143,.038830001,10.03146,8.8000002,13592.58,0,27.6
12,88,1080,.95622343,4.0606031,-3.200527,.1293948,.3378911,.80050462,.36078629,1.017711,.03083,10.07627,11.1,12276.08,0,28.5
12,89,1095,1.00919,4.109796,-3.028218,.21972761,.47676089,1.036399,.3351486,1.0615129,.02475,10.11748,11.3,12071.68,0,27.1
12,90,1114,1.02763,4.0596838,-3.231523,.33923841,.63296533,1.270004,.4700036,1.06707,.027829999,10.15219,11,11634.76,0,29.299999
12,91,1135,.88278413,4.0480618,-3.227726,.4865315,.819942,1.53479,.42736599,1.06885,.028000001,10.14555,7.6999998,11813.25,0,27.799999
12,92,1156,.95297962,4.0730848,-3.3150511,.65005112,1.002591,1.758655,.44208449,1.061516,.045000002,10.15199,11,11759.41,0,27.4
12,93,1172,.96003002,4.096972,-3.259804,.83267128,1.207062,1.9935679,.65344191,1.075864,.041999999,10.1642,8,11313.77,0,26.299999
12,94,1179,.96382803,4.1617422,-3.160399,1.02685,1.413766,2.2104621,.68715662,1.060347,.061000001,10.17344,8.6999998,10319.75,0,25.5
12,95,1180.49,1.089401,4.2400331,-3.0483329,1.226952,1.628636,2.425472,1.039206,1.027132,.059,10.18688,10.3,9022.2813,0,25.299999
12,96,1184.4301,1.031302,4.1433978,-3.3881409,1.426657,1.836466,2.628818,1.1038311,1.003762,.064000003,10.17622,12.1,8242.1777,0,25.4
12,97,1187,1.02219,4.0509129,-3.229037,1.628683,2.0515089,2.836848,1.219776,1.02223,.064000003,10.15451,13.9,8103.1709,0,24.9
13,85,994,.86467969,3.6146629,-3.8106949,.00042500001,.0046186,.018531401,.2345814,.8458553,.079580002,9.7152567,16,8885.4121,0,22.299999
13,86,990,.81294841,3.698029,-3.4319689,.00070450001,.0073365001,.0285479,.3083424,.85016811,.086829998,9.7362137,18.5,9748.8887,0,22.5
13,87,985,.77498448,3.6874061,-3.4586539,.0020963999,.0139003,.047542199,.38023359,.82938951,.080420002,9.7407227,15.1,8247.7041,0,22
13,88,986,.86638433,3.6342981,-3.310138,.0045531001,.0243917,.076240502,.4058035,.84235448,.05875,9.7660036,12.5,8415.4053,0,21.1
13,89,994,.95458239,3.6244209,-3.643641,.0101255,.041605901,.118176,.5912739,.84917963,.050999999,9.8279266,12.4,8204.0557,0,21.6
13,90,1013,1.008095,3.6264839,-3.624835,.0211992,.066194803,.1705444,.68911493,.92669922,.058499999,9.8399277,14.9,8126.4312,1,22.9
13,91,1038,1.066636,3.66593,-4.0006118,.039742298,.100082,.2349216,.7213729,.98661208,.061000001,9.8350945,13.9,8360.668,1,22.200001
13,92,1066,1.0356981,3.615824,-3.3607509,.065465897,.1383733,.30027011,.77185512,.93461877,.064999998,9.8561497,15,8009.1099,1,22.6
13,93,1099,1.036033,3.573281,-3.5364201,.099273898,.18335821,.36992559,.83135802,.94623202,.061000001,9.8773632,13.1,7562.209,1,21.799999
13,94,1133,1.050087,3.6352611,-3.343745,.13941529,.23549969,.44623941,.86341578,.89253491,.056000002,9.903079,12,6977.1079,1,21.4
13,95,1165,1.167701,3.7068291,-3.189275,.1857761,.29294151,.52449077,.90867132,.87686521,.054000001,9.9196787,14.5,6030.437,1,20.1
13,96,1187.71,.9839136,3.6241839,-3.318579,.2385149,.35697559,.60625011,1.04965,.90124238,.052000001,9.9336338,11.9,5339.4058,1,20.6
13,97,1210,.94303727,3.602349,-3.434814,.29828799,.42619029,.68692672,1.171885,.89406532,.052999999,9.9219522,14.7,5149.3062,1,20.1
14,85,11400,1.9663759,3.8396499,-2.5094149,.0026583001,.0283891,.1125166,.40523139,1.171376,.09042,10.02082,15.6,11516.29,0,24.299999
14,86,11387,2.1049969,3.8743701,-2.4097331,.0040930002,.0419802,.16148821,.49137449,1.144586,.081079997,10.0553,13.3,11318.22,0,24.700001
14,87,11391,2.09131,3.849679,-2.4663799,.0140093,.084675901,.2779054,.53568321,1.207191,.073579997,10.06775,14.4,11150.53,0,25.1
14,88,11390,2.105835,3.886801,-2.441777,.0282449,.141672,.4268145,.55538052,1.191571,.068000004,10.08796,12.7,11365.14,0,25
14,89,11410,2.156693,3.8913071,-2.384748,.063087098,.23613121,.6354875,.61563641,1.1761529,.059749998,10.11391,12.7,10782.47,0,24.4
14,90,11449,2.267792,3.903939,-2.270694,.1320314,.37013569,.89056528,.77279878,1.180554,.061420001,10.11675,13.7,10166.99,0,25.700001
14,91,11525,2.342598,3.9319839,-2.1821539,.23642451,.53302091,1.157343,.87686533,1.18326,.071000002,10.09824,13.5,9139.1904,0,24.4
14,92,11613,2.281121,3.87026,-2.1729791,.37902099,.71374702,1.417976,.92673492,1.221169,.075000003,10.12329,15.3,8581.1885,0,23.799999
14,93,11697,2.2614851,3.841213,-2.1726511,.55202478,.90352851,1.64934,1.002297,1.196427,.074000001,10.12783,13.6,7916.688,0,23.5
14,94,11752,2.262727,3.8426571,-2.1433899,.73477662,1.0939471,1.845348,1.0814821,1.2057149,.057,10.15419,12.4,7136.2822,0,23.6
14,95,11884.9,2.2940221,3.793014,-2.2756009,.93286932,1.281201,2.0084679,1.134138,1.2481821,.052000001,10.20035,12.4,6474.5381,0,23.200001
14,96,11953,2.1728351,3.781991,-2.3163159,1.1226569,1.462763,2.146785,1.1532741,1.259465,.052999999,10.22424,12.1,6080.9902,0,22.9
14,97,11896,2.1534259,3.7564681,-2.3845351,1.306159,1.636929,2.2680309,1.178777,1.2677211,.046999998,10.23659,11.2,5867.813,0,22.9
15,85,5459,1.136771,3.5921121,-2.8398299,.00053810002,.0059277001,.024005201,.50711769,.73959643,.078749999,9.8443022,12,7148.042,1,22
15,86,5454,1.1331511,3.5778439,-2.8080471,.00092600001,.0096803997,.037775401,.58174372,.73485541,.067500003,9.8822317,12.7,7038.2231,1,22.1
15,87,5473,1.19989,3.6458271,-2.880734,.0022712999,.0173267,.062364299,.60252893,.76050079,.063670002,9.8970432,11.1,6496.7939,1,21.9
15,88,5492,1.350095,3.6446581,-2.730515,.0058014998,.032929901,.1066509,.66422951,.77418733,.053169999,9.9150448,10.1,6029.5942,1,21.9
15,89,5524,1.414803,3.709626,-2.7503901,.0123769,.056264501,.1671547,.71894062,.78759623,.04733,9.9365816,13.7,5860.041,1,21.5
15,90,5557,1.55356,3.737592,-2.782172,.026321501,.090330303,.24183071,.8360368,.78863841,.05308,9.9351416,13,5763.6802,1,22.4
15,91,5607,1.620576,3.7646329,-2.584399,.050844599,.136526,.3305915,.87810463,.78948748,.059,9.9210815,15.7,5720.457,1,21.6
15,92,5658,1.626992,3.733233,-2.500941,.087440401,.1960008,.4357408,.93533421,.82002407,.064999998,9.9537973,11.7,5911.4849,1,20.700001
15,93,5713,1.587351,3.682862,-2.586714,.1360019,.26595181,.5511452,.89094567,.86181098,.052999999,9.9656334,12.2,5612.5771,1,20.5
15,94,5752,1.65846,3.705667,-2.5414109,.1976009,.34939271,.67665571,.9219808,.85280889,.048999999,10.00135,13.7,5013.9668,1,20.6
15,95,5791.8198,1.659672,3.717155,-2.520016,.27113521,.43875161,.79160053,.95943552,.85963941,.046999998,10.04371,9.6000004,4744.8779,1,20.1
15,96,5834.9102,1.681866,3.680186,-2.6313591,.35861379,.53621233,.90235877,1.023924,.8519308,.041000001,10.06089,7.5,4301.188,1,20.299999
15,97,5864,1.638314,3.6767111,-2.612802,.45204541,.63183159,.99758291,1.066999,.87126249,.035,10.05211,8.8000002,4251.1709,1,20.299999
16,85,2830,.76899523,3.6382091,-3.9406991,.0011209,.0118521,.046638601,-.0080773002,.68577492,.079499997,9.839345,17.9,9431.4443,0,22.9
16,86,2792,.87579697,3.688458,-4.0026879,.0016971,.0172309,.065765999,-.051851399,.68587703,.070330001,9.8702335,12.9,9225.7773,0,23.299999
16,87,2767,.86215931,3.6897919,-3.847981,.0053555998,.033169001,.1097165,-.0053869998,.71195209,.05525,9.8879442,14.5,8662.3936,0,23.1
16,88,2768,.96686852,3.6663549,-4.0757332,.0120489,.059595,.1788059,.0299061,.71574849,.044829998,9.8755713,9.3999996,8805.8105,0,23
16,89,2771,1.00406,3.6661489,-3.937979,.0256427,.097806297,.26565251,.091756798,.71016198,.043000001,9.9159241,10.3,10860.61,0,22.700001
16,90,2779,1.096691,3.637094,-3.9408619,.054264799,.1539475,.3730374,.2572712,.73942518,.041999999,9.9278059,10.4,9952.1924,0,23.6
16,91,2790,1.111315,3.6474321,-3.8907461,.098143198,.22108489,.4827089,.355919,.76599491,.046,9.911109,9.6000004,8800.7031,0,23.5
16,92,2803,1.025483,3.608485,-4.1542559,.1565879,.29575619,.59270269,.39586121,.7575177,.046,9.942481,11.3,8644.7529,0,23.299999
16,93,2814,1.18013,3.561321,-3.752707,.22724929,.37671599,.70236808,.47737911,.76655412,.039999999,9.9209833,10.3,8389.3252,0,23
16,94,2829,1.1477,3.5084119,-4.0975308,.3022286,.4615041,.80495298,.55422002,.7725336,.037,9.9968672,10.7,7879.0918,0,23.299999
16,95,2840.8601,1.265553,3.6240759,-4.0200372,.38468149,.55042487,.90169889,.65330422,.79696888,.035,10.00185,12.2,7175.752,0,22.700001
16,96,2848.47,1.003616,3.5206439,-3.984246,.47180131,.6419794,.99267107,.73186189,.82569331,.037999999,10.04901,9.6000004,6504.7529,0,23.1
16,97,2852,1.131379,3.5570099,-4.0045319,.55926353,.73544472,1.08409,.80041122,.83861858,.033,10.04928,9.6000004,6406.6938,0,23.299999
17,85,2427,1.278504,3.7031369,-2.998621,.0039969999,.040952198,.1574067,.56008708,.88715762,.050080001,9.9359484,13.8,9630.001,0,20.1
17,86,2433,1.316509,3.807776,-3.114749,.0056540999,.0562617,.2113284,.66769201,.89488482,.054329999,9.9614182,11.1,7989.333,0,19.9
17,87,2445,1.295595,3.8288009,-3.10132,.024386801,.1276406,.3923496,.78703648,.91555059,.04967,9.9628201,9.1999998,8892.7754,0,19.700001
17,88,2462,1.305431,3.8200221,-3.3660779,.0440473,.20270699,.58241367,.86053163,.94523388,.047499999,9.9697027,8.1000004,8155.1348,0,19.299999
17,89,2473,1.4044271,3.8407691,-2.8859341,.1015906,.33866259,.85707861,.85981071,.9717508,.040580001,9.9629526,10.8,7852.4551,0,19.4
17,90,2480,1.4980561,3.858784,-3.231046,.2041215,.50151849,1.127591,.82018769,.99533129,.04383,9.9836664,10.3,7696.8398,0,19.700001
17,91,2491,1.61024,3.9205451,-2.7900021,.35016319,.69945341,1.411198,.84527969,1.019778,.044,9.9764175,12.3,7649.8418,0,20
17,92,2515,1.634024,3.8762741,-2.812748,.52568418,.88132888,1.633,.86277652,1.078882,.041999999,9.9982672,11,7532.376,0,19.200001
17,93,2531,1.602221,3.801954,-2.7549651,.72188312,1.072394,1.825032,.87414253,1.136456,.050000001,10.00207,13.1,6941.8721,0,19.4
17,94,2554,1.48838,3.7850881,-2.7096181,.90440989,1.249096,1.96152,.81657737,1.162261,.052999999,10.02658,14.9,6658.7598,0,19.5
17,95,2586.9399,1.428329,3.7906051,-2.7893281,1.107493,1.428032,2.080781,.9140957,1.1512361,.044,10.04495,10.8,6334.2949,0,19.1
17,96,2598.27,1.409964,3.743561,-2.7268009,1.279348,1.5923719,2.1801929,1.003118,1.187116,.045000002,10.07641,11.2,5614.8521,0,18.9
17,97,2595,1.409058,3.7267189,-2.8179171,1.451805,1.747804,2.2657571,1.093622,1.222858,.037999999,10.08714,9.6999998,6087.3569,0,19.700001
18,85,3695,1.125228,3.2823451,-2.669558,.0010306,.0110932,.044212598,.4030264,.65887219,.094750002,9.7036314,19.4,5609.228,0,18.9
18,86,3688,1.218001,3.3277979,-2.6994109,.0016362,.0169289,.065553397,.4460381,.6905728,.092919998,9.7299166,17.700001,5659.1108,0,19.200001
18,87,3683,1.2290961,3.3902221,-2.5766931,.0043458999,.030367499,.1053627,.5152626,.69747621,.087750003,9.7397251,17.299999,5529.187,0,19
18,88,3680,1.205385,3.3449531,-2.7769461,.0110344,.057393402,.1767714,.55833489,.68701929,.078919999,9.7585793,17.6,6333.2432,0,19.1
18,89,3677,1.285817,3.401361,-2.52968,.022410201,.0928602,.26174381,.65985447,.67587942,.062169999,9.7873411,16.1,6992.9819,0,18.299999
18,90,3691,1.360358,3.3688729,-2.6377039,.048820101,.1495111,.37458429,.81283212,.67295557,.058329999,9.8046007,17.299999,6336.4678,0,20.1
18,91,3715,1.476452,3.3737259,-2.686744,.091448598,.2202626,.4976581,.89387947,.66540188,.074000001,9.8089809,18.799999,5889.7002,0,19.4
18,92,3754,1.678246,3.3282011,-2.855299,.1508314,.30330139,.62628973,.96990168,.71273869,.068999998,9.8416891,19.700001,5466.5352,0,19
18,93,3789,1.531812,3.3311391,-2.722404,.22589231,.39246669,.74931133,1.015516,.85215712,.061999999,9.8432503,20.4,4962.7002,0,19.299999
18,94,3827,1.490603,3.364969,-2.7526679,.31173891,.4897089,.86618477,1.0135421,.85820973,.054000001,9.8683996,18.5,4430.3311,0,19.6
18,95,3855.25,1.295249,3.3980851,-2.63679,.40354499,.58409393,.95910501,1.0617959,.77381277,.054000001,9.9034758,14.7,4137.1602,0,18.9
18,96,3881.05,1.165454,3.34919,-2.834516,.50404012,.68229991,1.046252,1.1404589,.8707459,.056000002,9.9274874,17,3813.8611,1,19.1
18,97,3908,1.153541,3.335808,-2.841435,.59876591,.77367508,1.116382,1.201896,.85742933,.054000001,9.9321775,15.9,3672.373,1,19.299999
19,85,4408,1.954044,3.901968,-2.2029121,.00043260001,.0049335002,.020440999,1.132794,1.064162,.11508,9.7616596,18.1,4169.6909,0,23
19,86,4407,2.0469241,3.9951251,-2.0365789,.0008414,.0092845,.037643299,1.147748,1.056053,.131,9.7405939,22,4184.8892,0,23.700001
19,87,4344,1.962478,3.9740119,-2.169975,.0013377001,.0141471,.055677898,1.177065,1.072714,.12008,9.7166986,25.1,4192.9668,0,24.299999
19,88,4289,2.0006101,3.9507279,-2.125484,.0048040999,.030254399,.1015133,1.263947,1.105037,.10917,9.7441053,22.799999,4034.189,0,24.6
19,89,4253,2.086266,4.0298219,-1.873803,.0087620998,.047919001,.1513086,1.331547,1.135388,.07942,9.7500658,23.299999,4023.895,0,24.4
19,90,4225,2.1943009,4.022058,-1.763983,.020387899,.081701502,.2309626,1.400593,1.127237,.0625,9.7702637,23.6,4331.71,0,26.4
19,91,4244,2.2542641,4.0043812,-1.7740099,.043790001,.13441031,.34345111,1.482089,1.1169831,.071000002,9.7844229,19,4095.7119,0,26.1
19,92,4279,2.288914,4.02039,-1.745409,.077319004,.1950548,.45712051,1.5503761,1.069768,.081,9.8055668,24.200001,3940.99,0,26.700001
19,93,4295,2.3624561,4.0578341,-1.592126,.13034341,.27560729,.59381998,1.585838,.8580237,.074000001,9.8215361,26.4,3840.1841,0,26.5
19,94,4315,2.2843201,4.041151,-1.617582,.1987634,.36486131,.72622401,1.654641,1.30893,.079999998,9.8609934,25.700001,3607.9341,0,27.1
19,95,4327.98,2.313185,4.0407681,-1.766206,.27820691,.46497899,.86291611,1.718578,1.362787,.068999998,9.9105272,19.700001,3459.3201,0,26.1
19,96,4338.7598,2.231884,4.0819931,-1.739398,.37385061,.57233298,.99778748,1.7707109,1.380564,.067000002,9.9236641,20.5,3305.3459,1,26.5
19,97,4352,2.1469629,4.0241652,-1.853361,.4745566,.68641001,1.125412,1.820029,1.398888,.061000001,9.9265089,16.299999,3353.0359,1,26.700001
20,85,1163,.51682651,3.55741,-3.7265539,.00096600002,.0104365,.0417048,-.31102031,.7404533,.054249998,9.8076591,11.9,7594.7939,1,22.200001
20,86,1170,.38880289,3.5042219,-3.929265,.0015611,.0163489,.063882701,.053569298,.77958518,.053750001,9.8740902,10.2,6990.667,1,22.4
20,87,1185,.4213717,3.522182,-3.676301,.0043477998,.0313376,.111261,.059719201,.80426037,.044670001,9.9113073,11.7,6358.5649,1,22.6
20,88,1204,.45515129,3.533978,-3.482487,.0106475,.058267001,.18553139,.043754399,.84711701,.03692,9.9442158,13.2,5899.459,1,22.9
20,89,1220,.31755921,3.5415771,-3.4430439,.0218568,.095619299,.27877969,.0082713002,.88387728,.04067,9.9670792,10.4,6485.1108,1,21.799999
20,90,1230,.35773131,3.5691199,-3.713572,.047388598,.15457121,.40547299,.1602212,.87700438,.052000001,9.949729,13.1,6085.874,1,22.1
20,91,1236,.27731299,3.592557,-4.4115849,.088774197,.22944421,.54710132,.1850279,.87512988,.075000003,9.9244347,14.1,6194.3408,1,21.5
20,92,1236,.26807359,3.523406,-4.0751128,.1513761,.3338978,.73535281,.2315226,.68502373,.071000002,9.942132,13.4,6515.3472,1,20.799999
20,93,1239,.22909831,3.410543,-4.126328,.23061541,.44296589,.90931088,.1882371,.73707122,.079000004,9.9456549,15.4,6291.9941,1,20.6
20,94,1240,.26174369,3.447706,-3.7906621,.33254129,.57533699,1.0947419,.15449651,.75685298,.074000001,9.9626493,9.3999996,5995.5371,1,20.299999
20,95,1237.4399,.2761502,3.453897,-3.901922,.4560037,.72325158,1.284186,.1728684,.73886043,.057,9.9690561,11.2,5446.0918,1,21.1
20,96,1241.4399,.2239197,3.4883859,-3.905148,.59250492,.8710041,1.448251,.1564493,.76453078,.050999999,9.9872446,11.2,5021.584,1,21.299999
20,97,1242,.1887421,3.4048409,-3.905602,.73758948,1.02309,1.604444,.1730669,.76543498,.054000001,9.9958286,10.1,5827.896,1,21
21,85,4413,2.1169951,3.8103471,-2.540107,.0032496999,.034848802,.13852701,1.04746,1.05203,.046,10.10034,8.6999998,7991.9082,0,23.9
21,86,4487,2.114506,3.859314,-2.414978,.0051046,.0521263,.1998418,1.025288,1.0584641,.044670001,10.14746,9.1999998,7656.4438,0,24
21,87,4566,2.031554,3.8454161,-2.3487511,.0171363,.1042608,.34305349,1.029253,1.06438,.0425,10.17161,9.1999998,7372.25,0,23.700001
21,88,4658,2.0848479,3.888375,-2.339319,.034338299,.17386679,.52725232,1.03952,1.060025,.044580001,10.19374,9.8000002,6723.6479,0,23
21,89,4727,2.1393809,3.8446679,-2.162097,.0786613,.29714271,.80475688,1.069423,1.053005,.036830001,10.21533,9,6680.4458,0,22.700001
21,90,4798,2.2146261,3.8907139,-2.162406,.162136,.46239489,1.1270109,1.179647,1.076942,.046580002,10.20825,9.8999996,6264.8701,0,21.799999
21,91,4863,2.2571299,3.9607799,-2.14553,.29244789,.66919738,1.472863,1.249243,1.099237,.059,10.1848,9.1000004,5923.5498,0,20.4
21,92,4917,2.3008549,3.9541099,-2.110213,.47174919,.90147859,1.818801,1.29889,1.229913,.066,10.18642,11.6,5847.9209,0,19.700001
21,93,4965,2.3003671,3.9335301,-2.0612791,.68757129,1.147786,2.136225,1.341584,1.182387,.061999999,10.18745,9.6999998,5760.2759,0,19.5
21,94,5006,2.249187,3.946342,-2.1570899,.91973001,1.402457,2.4259951,1.348374,1.196452,.050999999,10.2057,10.7,5518.0171,0,19.299999
21,95,5023.6499,2.292994,3.97543,-2.131671,1.179566,1.6696711,2.698055,1.43379,1.236595,.050999999,10.24678,10.1,5329.2231,0,18.9
21,96,5057.1401,2.2342279,3.940768,-2.15183,1.437708,1.939557,2.9461451,1.451708,1.236203,.048999999,10.26408,10.3,4958.02,0,18.700001
21,97,5094,2.136086,3.87255,-2.317219,1.70665,2.205827,3.1652651,1.4725111,1.231984,.050999999,10.26392,8.3999996,5089.4302,0,18.799999
22,85,5881,1.672977,3.7322421,-3.3712139,.0031516999,.034188401,.13699999,-.2092869,1.015841,.039500002,10.1064,9.1999998,13700.41,0,22.4
22,86,5903,1.7050411,3.717556,-3.3456781,.0050837002,.052505299,.20304801,-.1307902,1.0159349,.038419999,10.16823,9.1999998,11984,0,24.6
22,87,5935,1.7174571,3.716732,-3.535331,.0144818,.097122498,.33170861,-.071076304,1.046454,.032249998,10.20146,8.1999998,15435.65,0,24.4
22,88,5980,1.8054889,3.7592499,-3.358638,.033168901,.1733302,.5342437,.029714201,1.089415,.032669999,10.24732,8.5,14054.59,0,24.299999
22,89,6015,1.892421,3.780859,-3.1646769,.071652398,.28901011,.80525303,.1223064,1.127998,.039749999,10.24263,8.8000002,14142.23,0,23.6
22,90,6012,1.997227,3.820982,-3.208451,.152459,.46082321,1.148062,.23979551,1.1102099,.059829999,10.21641,10.7,11061.97,0,23
22,91,5995,1.996395,3.825809,-3.1812279,.2829324,.67605251,1.517157,.3396987,1.098612,.090000004,10.19859,11,10053.11,0,21.9
22,92,5993,2.05373,3.7441559,-3.332371,.46679199,.92552853,1.893165,.47644651,.968261,.085000001,10.20453,10,10074.95,0,21.200001
22,93,6012,2.085598,3.710887,-3.250474,.6966694,1.1930929,2.245908,.57233518,1.016096,.068999998,10.21045,10.7,9541.3809,0,21.1
22,94,6041,1.956776,3.6198931,-3.340349,.95257241,1.472795,2.566963,.52322352,1.034443,.059999999,10.23549,9.6999998,8515.7861,0,21.4
22,95,6062.3301,1.929341,3.6004519,-3.329953,1.229858,1.750281,2.830816,.62561351,1.017498,.054000001,10.31221,11,7970.46,0,20.6
22,96,6085.3901,1.8607939,3.46524,-3.6574011,1.517972,2.0297389,3.0630431,.65054673,1.107589,.043000001,10.33746,10.1,7521.7822,0,20.9
22,97,6118,1.86281,3.4114799,-3.939867,1.79564,2.288209,3.2403309,.66136038,1.124395,.039999999,10.34883,12.2,7364.7051,0,20.700001
23,85,9076,1.994781,4.032402,-2.187794,.0027580999,.0289074,.113021,.47864121,.84732938,.0995,9.9626598,14.5,10424.23,0,23.1
23,86,9128,2.08617,4.042727,-2.179848,.0040720999,.041400701,.15818369,.67103362,.87756002,.087750003,10.0043,13.9,10842.67,0,23.5
23,87,9187,2.0557051,4.0403652,-2.1008959,.016895801,.093313202,.2955893,.82081401,.92969739,.081670001,10.00124,12.2,10920.14,0,23.4
23,88,9218,2.0126591,3.987164,-2.212198,.0300599,.14694799,.4382093,.95520997,.91772652,.075999998,10.01648,12.1,10844.59,0,23.200001
23,89,9253,1.961064,3.964716,-2.231972,.070286199,.2488991,.6572302,1.097092,.90879911,.071000002,10.03063,13.2,10313.67,0,22.700001
23,90,9311,2.0656531,3.9504011,-2.2606249,.1430503,.3800658,.90174937,1.229443,.89083159,.07525,10.01662,14.3,9773.1973,0,23.5
23,91,9375,2.08253,3.9761231,-2.2290871,.24768209,.540106,1.163529,1.302986,.87020117,.092,10.00006,14.1,9748.4707,0,22.9
23,92,9434,2.041636,3.879925,-2.308326,.38634279,.71381032,1.424141,1.357154,.97714251,.088,10.02189,13.5,10170.3,0,22.200001
23,93,9478,2.068795,3.841809,-2.3183229,.5521493,.90653372,1.677511,1.422135,.96974409,.07,10.03519,15.4,9954.9395,0,22.200001
23,94,9496,2.0361719,3.845686,-2.3266721,.72589022,1.1075979,1.915162,1.422709,.96609533,.059,10.09171,14.1,9470.8281,0,21.799999
23,95,9659.8701,1.916814,3.7939961,-2.481174,.93150598,1.321412,2.1451409,1.453661,.97048211,.052999999,10.13417,12.2,8858.665,0,21.5
23,96,9739.1797,1.833913,3.787674,-2.601887,1.130442,1.538426,2.3618131,1.44832,.98080379,.048999999,10.14416,11.2,7987.9209,0,21.6
23,97,9774,1.7748899,3.7674479,-2.555479,1.3440681,1.758304,2.567487,1.469787,.99879628,.041999999,10.1255,10.3,7644.125,0,20.700001
24,85,4184,.94373113,3.660007,-3.861686,.0016353,.0165771,.063192397,-.65169048,.64864081,.059829999,9.9689693,12.6,11615.57,0,23
24,86,4205,1.047882,3.710243,-3.690069,.0019852,.0210103,.082733899,-.57983559,.63521522,.05342,10.00552,12.5,11223.11,0,23
24,87,4235,1.051309,3.7708349,-3.6326399,.0087412,.049877498,.1614444,-.53530031,.6605159,.053830002,10.02377,11.3,10781.92,0,23.200001
24,88,4296,1.0672441,3.697351,-3.5451579,.018974099,.090697803,.26822129,-.50885981,.69302911,.04042,10.01661,11.6,10757.84,0,22.9
24,89,4338,1.062228,3.715785,-3.665638,.0337555,.1250668,.34186471,-.42842221,.71684009,.043579999,10.04741,11.2,9376.0654,0,22.5
24,90,4385,1.116468,3.743166,-3.623771,.081203997,.2163517,.51553792,-.335044,.72808748,.048250001,10.0464,12,9164.6094,0,23.200001
24,91,4426,1.1519901,3.7343071,-3.5200541,.1338398,.29643789,.65414882,-.32256711,.73785669,.050999999,10.03139,12.9,8936.0986,0,22.700001
24,92,4468,1.220664,3.752816,-3.3940611,.20639241,.40172571,.82654017,-.2427654,.74122697,.050999999,10.06335,12.8,9153.2676,0,22
24,93,4517,1.185292,3.703532,-3.3721781,.30308601,.51904202,.99418998,-.156167,.73199773,.050999999,10.05818,11.6,8832.4238,0,21.9
24,94,4567,1.278242,3.6843591,-3.4361789,.40877321,.65273792,1.15425,-.072763503,.7276352,.039999999,10.09502,11.7,8277.0254,0,22.5
24,95,4605.4399,1.271017,3.7245679,-3.230988,.53482848,.78726113,1.306263,.0017502001,.65646321,.037,10.14878,9.1999998,7853.5918,0,22.1
24,96,4647.7202,1.2224931,3.7216849,-3.326139,.67509979,.92354041,1.438277,.054416299,.74807739,.039999999,10.18895,9.8000002,8115.0488,0,22.4
24,97,4686,1.182423,3.707726,-3.5925219,.79635042,1.054898,1.5512069,.1041715,.82334381,.033,10.17544,9.6000004,8482.3838,0,22.200001
25,85,2588,1.006247,3.409075,-2.23824,.000083699997,.00098370004,.004154,.84040278,.67829728,.10292,9.5537367,25.1,2333.041,0,20.6
25,86,2594,1.020324,3.436446,-2.173981,.00015969999,.0019343999,.0083133997,.87495339,.66274369,.11675,9.5764771,26.6,2615.5559,0,21.5
25,87,2589,1.006143,3.469759,-2.2643161,.00047540001,.0043672002,.017201399,.92794192,.72221178,.1015,9.5995131,25,2442.0569,0,21.6
25,88,2580,1.19744,3.5046959,-2.4394441,.0010801,.0082273996,.030218201,.95366758,.74955958,.084080003,9.627286,27.200001,2255.676,0,21.9
25,89,2574,1.153293,3.4851179,-2.3198271,.0020260999,.0133842,.046974599,1.03335,.77783018,.078000002,9.6436415,22,1953.347,0,21.6
25,90,2577,1.2233419,3.5620661,-2.1081779,.0050531998,.0239386,.0748263,1.095759,.78955162,.074419998,9.6446075,25.700001,1754.1639,1,23.299999
25,91,2592,1.358619,3.6458869,-2.0550499,.0098216003,.0386438,.1116261,1.143261,.79769248,.086000003,9.6529732,23.700001,1624.745,1,22.9
25,92,2615,1.41485,3.655647,-2.100698,.019158,.061988,.1635312,1.208822,.68403947,.081,9.6849775,24.5,1525.545,1,23.5
25,93,2643,1.467559,3.6849749,-2.0019341,.0350881,.0936708,.226743,1.204126,.53163999,.063000001,9.701045,24.700001,1801.933,1,23.9
25,94,2669,1.596769,3.7712309,-1.875744,.0601927,.13730711,.30528119,1.289953,.71818119,.066,9.7519388,19.9,2228.4299,1,24.5
25,95,2690.79,1.61729,3.6941011,-2.045387,.094338603,.185388,.38118711,1.409807,.82871377,.061000001,9.7853289,23.5,2056.8931,1,24
25,96,2709.9299,1.587906,3.699743,-2.197566,.1394238,.2420731,.46087539,1.57573,.66266328,.061000001,9.8088684,20.6,1843.366,1,24.299999
25,97,2731,1.5454021,3.7284031,-2.0318899,.19050831,.30025771,.53255081,1.662779,.91188049,.057,9.8037863,16.700001,1776.311,1,24.4
26,85,5000,1.622196,3.659693,-2.5034781,.00095650001,.0105079,.042477399,.56691152,.97783482,.064329997,9.9132919,13.7,5658.8672,0,23.700001
26,86,5023,1.763901,3.716094,-2.3818979,.0015859,.0165314,.064375997,.67253631,.95881373,.06092,9.9467764,14.4,5231.1108,0,24.200001
26,87,5057,1.703975,3.737839,-2.4811571,.0043706,.0303213,.1049351,.71898991,.97381192,.063330002,9.9532776,14,4838.0391,0,24.200001
26,88,5082,1.720438,3.770546,-2.5100131,.0099866996,.0538816,.1687423,.80906087,.99435699,.057,9.9582586,12.7,5118.6489,0,23.6
26,89,5096,1.856899,3.8177381,-2.522496,.021823499,.091256201,.25976661,.87376189,1.015992,.054749999,9.9722586,12.6,4766.167,0,23.6
26,90,5125,1.9659719,3.783844,-2.4348631,.046662498,.1473541,.37707841,1.004943,1.021859,.057330001,9.9704046,13.4,4510.707,0,24.299999
26,91,5156,2.0325379,3.8404031,-2.250807,.087499201,.21955889,.50903171,1.070112,1.024729,.066,9.9682035,14.8,4738.8398,0,23.9
26,92,5191,2.0023799,3.7746971,-2.2502329,.1466766,.30525619,.64785028,1.1259691,.94444013,.057,9.9847984,15.6,4703.7632,0,23.700001
26,93,5234,2.007437,3.772989,-2.1828091,.222765,.40052241,.78651762,1.137282,.98704672,.064000003,9.9861755,16.1,5435.3379,0,23.6
26,94,5278,2.0061491,3.8208261,-2.254138,.3114334,.50800699,.93147391,1.128477,.99707967,.048999999,10.01636,15.6,5332.3149,0,24.200001
26,95,5324.6099,1.892648,3.7968929,-2.429492,.409235,.61704987,1.060568,1.2211421,1.02966,.048,10.05391,9.3999996,5072.1108,0,23.5
26,96,5367.8901,1.774904,3.803453,-2.517452,.5175705,.73601592,1.189569,1.279389,1.045595,.046,10.07675,9.5,4640.1982,0,23.6
26,97,5402,1.753392,3.7464681,-2.5400851,.63125062,.85692781,1.309492,1.410744,1.072206,.041999999,10.07141,11.8,4630.3828,0,23.5
27,85,822,.7395013,3.7754979,-2.840539,.00078150001,.0084511004,.033791699,.16056819,.82584077,.076499999,9.7294073,16,7296.959,0,27.799999
27,86,814,.4596616,3.7723091,-3.523906,.0013035,.0135474,.052638099,.3173472,.8735407,.08117,9.7748528,16.5,7276,0,27.4
27,87,805,.41821989,3.8000431,-3.194335,.0035273,.0250268,.088119097,.31105539,.8570779,.074330002,9.7781172,18,7003.6372,0,27.200001
27,88,800,.21208259,3.7292409,-3.640089,.0085824002,.0468315,.1487174,.4050509,.83668268,.067500003,9.7651443,14.6,6983.918,0,27.6
27,89,800,.1559348,3.6662819,-3.549118,.0182459,.078757502,.228542,.463734,.8103745,.059420001,9.8151798,15.6,6406.978,0,27.200001
27,90,801,.46327069,3.768692,-3.0222991,.038416099,.1250027,.3281289,.50681758,.82252938,.05742,9.8022699,16.299999,5548.8848,0,27.799999
27,91,807,.33664921,3.558953,-3.6488011,.0732655,.18889441,.45016879,.57606608,.83328903,.068999998,9.8321304,15.4,5788.1538,1,28
27,92,822,.53248709,3.7925601,-3.5336871,.1227515,.26787201,.59049171,.60512137,.90055418,.067000002,9.8387079,13.7,5752.5752,1,27.700001
27,93,839,.57364929,3.831358,-3.513335,.1875331,.35942611,.73998672,.63297868,.97991651,.059999999,9.8704977,14.9,5671.6572,1,26.200001
27,94,856,.5715602,3.8798521,-3.4200661,.26797971,.46581519,.89604777,.60797608,.89873588,.050999999,9.8718996,11.5,5597.604,1,26.6
27,95,868.52197,.53570348,3.9402421,-3.5086961,.3652342,.58719498,1.057886,.72306877,.88109928,.059,9.8912792,15.3,5329.2231,1,26.5
27,96,876.65601,.47877011,3.771435,-3.249754,.47731319,.71661049,1.2152801,.72206008,.93214327,.052999999,9.9017601,17,4703.7622,1,26.700001
27,97,879,.27825209,3.7557621,-3.041115,.59989989,.85060781,1.36305,.86063743,.96019238,.054000001,9.8860435,15.6,5728.103,1,27
28,85,1585,.87992781,3.556051,-3.5181921,.0012407,.0132935,.052809801,-.0139419,.81309563,.054669999,9.8755312,14.8,7545.1548,0,24.6
28,86,1574,.98051149,3.5967381,-3.449353,.0019956001,.0204073,.078322403,.089269601,.83084959,.050500002,9.8968811,13.6,7228.4438,0,24.5
28,87,1567,.93813092,3.6755979,-3.3495851,.0069090999,.041882198,.138427,.21625841,.82647997,.04933,9.8999863,11.9,6865.4072,0,24.799999
28,88,1571,1.023966,3.6739371,-3.2990251,.0132829,.068105899,.20819581,.225311,.84460479,.035500001,9.9353247,10.3,6680.271,0,24.299999
28,89,1575,1.0504889,3.6633661,-3.673131,.031350099,.1187408,.32244691,.273902,.85553879,.030920001,9.9413671,12.8,7032.0488,0,24.1
28,90,1581,1.19233,3.6575589,-3.6046131,.062996797,.18020549,.44202539,.36904261,.84702569,.02142,9.9681711,10.3,6837.6582,0,25.200001
28,91,1590,1.209617,3.6956329,-3.4202459,.1145281,.26429471,.58545369,.36874601,.83721739,.027000001,9.9650812,9.5,6905.166,0,24.6
28,92,1601,1.251781,3.6858461,-3.1588759,.1855077,.36105239,.7383796,.4142316,.90820777,.029999999,9.9983301,10.3,7278.1191,0,24.200001
28,93,1607,1.221246,3.631772,-3.2389901,.26971319,.45975551,.86912668,.41931829,.85962462,.026000001,9.9964151,10.3,7739.4482,0,24.299999
28,94,1623,1.359759,3.7015231,-3.460206,.3664768,.57044458,1.003477,.42863369,.90741509,.028999999,10.02996,8.8000002,6844.4629,0,24.700001
28,95,1635.14,1.341332,3.729835,-3.5282841,.47575581,.68392062,1.123871,.51304132,.92451322,.026000001,10.03178,9.6000004,6404.417,0,24.1
28,96,1647.66,1.472224,3.6919661,-3.535908,.58230579,.79702628,1.2346129,.64385718,.94620788,.028999999,10.07806,10.2,5996.2368,0,24.4
28,97,1657,1.47806,3.6494429,-3.500741,.69715661,.91126949,1.340433,.68696362,.94308412,.026000001,10.06976,9.8000002,6247.0259,0,24.4
29,85,951,1.881862,4.0629058,-2.2931659,.0017522,.019631799,.080408096,1.3272901,1.18388,.07925,10.02568,14.4,5212.1128,0,35.700001
29,86,981,1.9540319,4.0016079,-2.092782,.0030785,.032451302,.12741309,1.377581,1.154173,.060249999,10.06373,8.1000004,5231.1108,0,37.200001
29,87,1023,1.924027,4.0230098,-2.487844,.0092270002,.0634818,.2208095,1.53453,1.185454,.063000001,10.07728,10.4,5298.8042,0,37.700001
29,88,1075,2.0409181,4.0241551,-2.270546,.018321,.1057591,.34340101,1.466563,1.169515,.0515,10.09819,8.6000004,5552.4321,0,39.299999
29,89,1137,1.809917,4.010478,-2.5252891,.043840099,.18827809,.5483948,1.513029,1.145259,.04992,10.12983,10.8,5664.7061,0,40.400002
29,90,1219,1.779101,3.9863369,-2.352196,.090599902,.30138311,.80035502,1.503198,1.16784,.04958,10.12119,9.8000002,5405.688,0,40.200001
29,91,1288,1.909428,4.026114,-2.136965,.1700228,.45501369,1.0996979,1.4738179,1.1711169,.055,10.10557,11.4,5415.8169,0,37.700001
29,92,1336,1.9346189,4.001833,-2.2207019,.2922734,.65029502,1.44418,1.508725,1.129698,.066,10.1271,14.4,5434.7529,0,36.400002
29,93,1389,2.1693211,3.971215,-2.266526,.45426399,.87902832,1.807675,1.510213,1.161934,.071999997,10.13713,9.8000002,5494.417,0,35.099998
29,94,1457,2.304436,4.0387549,-2.1483359,.65370917,1.141986,2.1940701,1.4859149,1.227242,.061999999,10.16239,11.1,5120.083,0,35.099998
29,95,1525.78,2.2489519,4.0342011,-2.2365091,.89689362,1.43405,2.5786741,1.56853,1.260868,.054000001,10.18081,11.1,4838.373,1,34.299999
29,96,1596.48,2.0975349,3.9516079,-1.981926,1.1675529,1.748404,2.949182,1.634948,1.263154,.054000001,10.20678,8.1000004,4131.6831,1,35.200001
29,97,1677,2.0778749,3.9638131,-2.1936531,1.4717129,2.0699711,3.2826691,1.638163,1.266685,.041000001,10.18646,11,4390.8809,1,34.400002
30,85,997,.34304181,3.438571,-3.8602281,.0008557,.0098633999,.041143902,-.51973587,.85007221,.039170001,10.06133,6,10374.59,1,35.700001
30,86,1025,.33507749,3.4647291,-3.7969539,.0016229,.017434901,.069392502,-.3782559,.83024538,.028419999,10.12613,3.7,10272,1,34.700001
30,87,1054,.4054651,3.475472,-3.494612,.0047499998,.033980001,.1202252,-.27059311,.90550101,.0255,10.14629,4.8000002,10275.07,1,34.700001
30,88,1083,.403925,3.4742119,-3.768615,.0088029997,.054260802,.1804852,-.1953087,.96136928,.025079999,10.17227,6.6999998,9543.2432,1,34.099998
30,89,1105,.52341568,3.5362921,-3.424082,.022212399,.098535001,.29067209,-.060913201,1.011517,.034329999,10.15991,7.6999998,9180.7305,1,33.299999
30,90,1109,.27429259,3.5594871,-3.966691,.045403801,.1584145,.42913321,.0537338,1.007396,.057080001,10.12278,6.3000002,8305.4277,1,32.900002
30,91,1108,.1735588,3.502398,-3.3214321,.087193102,.2452146,.60397053,.1907023,1.019521,.071999997,10.11431,7.3000002,7514.4458,1,32.900002
30,92,1115,.2254727,3.382427,-4.1262379,.1537043,.357407,.81011289,.32466999,.78656852,.075000003,10.12097,8.6000004,7405.249,1,32.200001
30,93,1125,.32047191,3.320421,-3.890044,.244578,.48911229,1.0245219,.46607211,.808236,.066,10.11176,9.8999996,6912.332,1,32.400002
30,94,1137,.1552808,3.2673559,-4.2635598,.35890761,.63729668,1.241876,.4560174,.79530263,.046,10.15647,7.6999998,6632.231,1,31
30,95,1145.6,.1371439,3.2372091,-3.9991651,.4990676,.80766177,1.47576,.57519919,.78549463,.039999999,10.21322,5.3000002,6334.2949,1,31
30,96,1160.77,.1679163,3.298872,-4.0611048,.64710653,.97882032,1.681445,.5641908,.77554709,.041999999,10.22895,6.4000001,5636.04,1,31.1
30,97,1173,.1241095,3.2293921,-4.2947311,.81992263,1.172555,1.904572,.57894969,.8574152,.030999999,10.23085,9.1000004,5588.394,1,31.299999
31,85,7566,1.6940939,3.8171721,-2.9226069,.0021601,.0238941,.0970366,.4595533,1.266938,.056669999,10.17251,8.3000002,12459.43,0,21.4
31,86,7622,1.7445461,3.8432291,-2.9498329,.0036879999,.0386982,.1514321,.52741992,1.2963589,.050420001,10.21927,8.8999996,12174.22,0,21.5
31,87,7671,1.6884151,3.854625,-3.0844159,.0101949,.071542099,.2494829,.59688538,1.315773,.04042,10.24894,8.3000002,11841.68,0,21.5
31,88,7712,1.763729,3.8538461,-2.9319401,.0226593,.1254576,.39805421,.73320228,1.3205121,.038079999,10.29164,6.1999998,10931.35,0,20.9
31,89,7726,1.807915,3.842989,-2.975996,.050485801,.2137984,.61243433,.78666389,1.326206,.040830001,10.30622,8.1999998,10704.34,0,20.5
31,90,7739,1.86689,3.869992,-2.885602,.106841,.34389681,.88917279,.92269009,1.3324161,.04975,10.29887,9.1999998,9808.9961,0,21
31,91,7773,1.846395,3.8688071,-2.9520581,.2021848,.51798278,1.214121,1.0043271,1.338694,.066,10.28054,9.6999998,9139.1904,0,19.9
31,92,7820,1.829918,3.788939,-2.980504,.34174779,.7270447,1.562288,1.105621,1.45748,.083999999,10.30415,10,8899.0098,0,19.5
31,93,7879,1.835547,3.731452,-2.936475,.52500319,.96518511,1.9166991,1.0636081,1.4610209,.074000001,10.29863,10.9,8566.5645,0,19.4
31,94,7904,1.815102,3.7005019,-2.99371,.74037242,1.223076,2.260273,1.106786,1.4638931,.068000004,10.31532,9.1999998,7852.562,0,18.9
31,95,7965.52,1.788802,3.711946,-2.9691629,.98675418,1.499687,2.5923181,1.136678,1.470368,.064000003,10.36576,7.8000002,7269.248,0,18.700001
31,96,8009.6201,1.667895,3.6352551,-3.1653531,1.252041,1.78912,2.9101241,1.223156,1.479454,.061999999,10.38437,9.1999998,6208.1191,0,18.299999
31,97,8053,1.5946259,3.57357,-3.173717,1.531161,2.084533,3.2062659,1.233178,1.481424,.050999999,10.38522,9.3000002,6266.9839,0,17.9
32,85,1438,1.959821,4.0656929,-2.2084141,.0019842,.0207712,.081138901,.2975136,1.0412461,.088579997,9.7347498,18.5,6055.979,0,28.700001
32,86,1463,1.992648,4.0884719,-2.152446,.0029625001,.0300116,.1143457,.3843821,1.044068,.091420002,9.7369003,21.299999,5516.4438,0,27.9
32,87,1479,1.852212,4.094739,-2.2752409,.0134246,.071039997,.2206796,.45502529,1.0832289,.087920003,9.7291622,19.4,5206.6509,0,27.799999
32,88,1490,1.89759,4.0989981,-2.15324,.0216334,.1053029,.31304431,.5587461,1.095,.078249998,9.743268,23,5335.541,0,27.200001
32,89,1504,1.967242,4.088264,-2.4330821,.053867701,.1847453,.48118159,.60295808,1.109736,.066079997,9.7600632,19.5,5391.2368,0,27.9
32,90,1522,2.0498519,4.0736318,-2.393306,.1061308,.27328241,.63953298,.7297048,1.103256,.062749997,9.765913,20.9,5083.4951,0,27.200001
32,91,1547,2.1226139,4.0687451,-2.2503231,.18209361,.38947821,.8268097,.70067471,1.0942219,.068999998,9.7680378,22.4,4874.2349,0,27.1
32,92,1582,2.234653,4.0065508,-2.417685,.27995041,.50359499,.98745972,.66761392,1.148828,.068000004,9.7842789,21,4862.6729,0,26.700001
32,93,1616,2.2296951,3.977134,-2.520175,.39685249,.63755542,1.1521111,.68998158,1.158121,.075000003,9.8062363,17.4,4815,0,26.4
32,94,1654,2.185195,3.9700179,-2.234802,.51744783,.7764535,1.311303,.73584861,1.067821,.063000001,9.8274717,21.1,4562.9751,0,25.4
32,95,1682.42,2.104727,4.0284529,-2.430774,.658939,.90861368,1.4255019,.80837423,1.012809,.063000001,9.8719387,25.299999,4324.1499,0,27.4
32,96,1706.15,2.1329191,4.0578251,-2.158792,.79308617,1.051839,1.5504529,.9136619,1.131116,.081,9.8787642,25.5,4195.248,0,27.200001
32,97,1730,2.143935,4.103178,-2.558037,.93628007,1.1770999,1.628726,1.018416,.9306345,.061999999,9.8642597,21.200001,4071.5439,0,27
33,85,17792,2.2294061,3.8408029,-2.358171,.041388098,.2213857,.68736792,.62364501,1.240598,.065420002,10.09599,15.8,13204.02,0,20.799999
33,86,17833,2.284935,3.863982,-2.2355189,.093757398,.37861541,1.054872,.6624133,1.27133,.062579997,10.14669,13.2,13696,0,20.299999
33,87,17869,2.308171,3.898365,-2.181952,.2018505,.61995101,1.551331,.768282,1.317894,.048579998,10.16804,14.3,12532.82,0,20.9
33,88,17941,2.393044,3.9511499,-2.0788291,.36878151,.89907289,2.0340779,.82664359,1.394897,.041919999,10.19407,13.4,11668.78,0,20.700001
33,89,17983,2.423986,3.942091,-2.080276,.62413579,1.249383,2.564425,.90974802,1.464105,.050919998,10.20949,12.6,13517.16,0,20
33,90,18002,2.468261,3.9472959,-1.93305,.93707299,1.601459,3.011425,1.046937,1.450547,.052080002,10.2187,14.3,11634.76,0,20.4
33,91,18047,2.455004,3.928637,-1.9486851,1.280877,1.971066,3.4322841,1.114939,1.438143,.071999997,10.20415,15.3,13133.36,0,19.6
33,92,18109,2.418328,3.858402,-2.022191,1.649112,2.333236,3.7919741,1.165081,1.201048,.085000001,10.22606,15.3,11664.06,0,18.799999
33,93,18197,2.3735459,3.8017149,-2.017489,2.0158889,2.7061689,4.1174598,1.226458,1.283165,.077,10.22243,16.4,11077.46,0,18.1
33,94,18169,2.26754,3.7148011,-2.198601,2.3831151,3.0756531,4.417613,1.2664779,1.282182,.068999998,10.2404,17,9815.7031,0,17.799999
33,95,18150.9,2.129642,3.615016,-2.4604671,2.7606609,3.44052,4.6880651,1.301237,1.237,.063000001,10.29287,16.5,8671.6748,0,17.9
33,96,18143.801,1.986032,3.53018,-2.596005,3.0956149,3.7706239,4.9163909,1.327878,1.461941,.061999999,10.3171,16.700001,7458.2178,0,17.6
33,97,18137,1.929479,3.472697,-2.8090279,3.43028,4.0785751,5.11659,1.346,1.4034899,.064000003,10.31777,16.5,7803.793,0,17.299999
34,85,6254,1.437374,3.611207,-2.487148,.0018226,.0194488,.077039599,.90381873,.8101368,.053920001,9.7817574,14.2,5807.7842,0,19.700001
34,86,6322,1.561419,3.6536281,-2.5076239,.0028266001,.028998001,.1115688,.93980491,.81818801,.053169999,9.8303633,14.3,5611.5562,0,20
34,87,6404,1.5783221,3.7309141,-2.512774,.0100913,.060675401,.1996979,.95159799,.84612209,.044670001,9.8545933,13.8,5252.728,0,20
34,88,6481,1.62012,3.782059,-2.5422189,.0196102,.1000657,.30567071,.92301393,.88369137,.036249999,9.8825531,12.6,5639.189,0,20.1
34,89,6565,1.699041,3.852633,-2.4196069,.044868801,.1702469,.46485749,.91927958,.91977179,.03517,9.8892889,12.2,6289.7759,0,20.299999
34,90,6653,1.826569,3.880434,-2.236151,.092533097,.26458579,.6505242,.92933547,.95852399,.041000001,9.9033413,13,5656.2822,0,20.9
34,91,6749,1.882831,3.955282,-2.1720591,.1652922,.38274539,.85347778,.98210597,.99430341,.057999998,9.8938532,14.5,5246.5732,0,20.200001
34,92,6836,1.919398,3.937007,-2.2465489,.26703891,.52271438,1.0763969,.99597549,1.019771,.059,9.9231043,15.7,4989.8018,0,20.700001
34,93,6945,1.915906,3.906615,-2.180094,.39055949,.67266178,1.2854021,1.0717781,1.157549,.048999999,9.9406633,14.4,4637.7612,0,20.9
34,94,7070,1.879454,3.9060559,-2.2146311,.52986032,.83841681,1.4943759,1.123826,1.103735,.044,9.9669323,14.2,4244.6279,0,20.799999
34,95,7185.3999,1.867573,3.911984,-2.3621359,.69191039,1.0128,1.690133,1.207418,1.122419,.043000001,10.02181,12.6,3833.301,1,20.5
34,96,7307.6602,1.773857,3.90166,-2.4685731,.85729349,1.190979,1.87046,1.408058,1.110271,.043000001,10.04514,12.2,3496.04,1,21.1
34,97,7425,1.803386,3.8886459,-2.4926131,1.03321,1.370482,2.0393231,1.435372,1.164283,.035999998,10.05129,11.4,3512.7051,1,21.299999
35,85,677,-.74311972,3.282232,-4.5717611,.00025770001,.0034029,.0153297,-.59516668,.65645272,.059829999,9.7935133,15.9,10176.03,1,23.1
35,86,669,-.65358162,3.2551601,-4.5598741,.0006351,.0072698998,.030192399,-.59074527,.66468078,.062919997,9.8046122,13.5,9796.4443,1,23
35,87,661,-.54833323,3.340169,-4.1911688,.0011913,.0126465,.049908299,-.61690611,.71678197,.05133,9.7899351,11.4,8524.1641,1,23.299999
35,88,655,-.51337337,3.296402,-3.9997289,.0024329999,.021002499,.078016303,-.55358261,.69541389,.04817,9.6920958,11.6,8328.6484,1,24.1
35,89,646,-.4377133,3.2394071,-5.0845051,.0065163998,.039375,.13009439,-.45876929,.66998011,.04225,9.786231,12.2,7578.9858,1,24.5
35,90,638,-.3013593,3.3506191,-4.8488998,.0142936,.068480201,.2057339,-.46938461,.69893527,.039999999,9.8413601,13.7,8090.6318,1,26.6
35,91,633,-.42219189,3.3094931,-4.50456,.030620201,.1120468,.30429351,-.38299221,.72629088,.041000001,9.8193769,14.5,8056.0278,1,26.1
35,92,634,-.1791719,3.3424599,-3.9671421,.061566401,.1731326,.4234409,-.36142549,.73643059,.048999999,9.8829813,11.9,7850.1982,1,25.4
35,93,635,-.19595741,3.3098531,-4.0557299,.1096538,.25159171,.55994862,-.3929258,.74388832,.043000001,9.8531046,11.2,7296.3501,1,25.6
35,94,638,-.2006707,3.278681,-6.4583378,.17445239,.3411386,.70076168,-.35330611,.74306148,.039000001,9.9164858,10.4,6844.4629,1,25.799999
35,95,641.54797,-.1431157,3.324024,-4.6721239,.25539711,.441268,.84081,-.1742041,.75100201,.033,9.8840332,12,6474.5381,1,25.5
35,96,642.85797,-.1725045,3.254122,-3.8268659,.34899089,.55018878,.97559297,-.053709101,.78816998,.030999999,9.9606361,11,5805.5439,1,26.6
35,97,641,-.13688,3.267354,-4.6712699,.4537276,.66273987,1.0972199,.1161013,.78329122,.025,9.9085445,13.6,6167.1919,1,26.4
36,85,10735,1.340063,3.6399169,-2.9640999,.0017190001,.0188764,.076282501,.5503937,.78056979,.088749997,9.9044762,12.8,8091.186,0,24.200001
36,86,10730,1.43938,3.6752429,-2.8922369,.0029112,.030389899,.1184668,.66451567,.78067851,.081330001,9.9381123,12.8,7656.4438,0,23.4
36,87,10760,1.440469,3.7288771,-2.8378711,.0087403003,.057604801,.19623031,.73882598,.81710351,.07,9.9430628,12.7,7326.1729,0,23.9
36,88,10799,1.515301,3.7427981,-2.915597,.0180624,.097613797,.3053861,.8121686,.80371708,.060249999,9.9685946,12.4,7591.2158,0,23.700001
36,89,10829,1.551733,3.7601171,-2.809938,.0415041,.16755269,.46939039,.89625621,.78939128,.055330001,9.9778709,10.6,6797.647,0,23.9
36,90,10866,1.619948,3.768091,-2.7966189,.085994199,.26391429,.66657382,1.036744,.77149081,.05658,9.977726,11.5,6801.8589,0,23.9
36,91,10940,1.725961,3.8001411,-2.637048,.1610969,.3967084,.90587378,1.074519,.75272101,.064000003,9.9623299,13.4,6702.0742,0,23.6
36,92,11021,1.659519,3.722728,-2.7227659,.266175,.54245973,1.133563,1.183957,.86054218,.071999997,9.9826889,12.4,6547.1289,0,23
36,93,11091,1.617699,3.6841569,-2.8110991,.40407029,.71306479,1.3703279,1.247682,.87704033,.064999998,9.9897213,13,6410.1538,0,23
36,94,11102,1.580562,3.682781,-2.8196149,.55949861,.88786149,1.582841,1.298643,.80611998,.055,10.03149,14.1,6313.8838,0,23
36,95,11155.5,1.573323,3.6689711,-2.9227581,.73228621,1.066256,1.768344,1.355794,.92092782,.048,10.08051,11.5,5843.4458,0,22.799999
36,96,11187,1.454277,3.6943481,-3.034652,.91070098,1.248162,1.939181,1.387527,.78121573,.048999999,10.09726,12.7,5254.6538,0,23.299999
36,97,11186,1.471139,3.7084849,-3.0628369,1.093084,1.426052,2.083951,1.417662,.96627343,.046,10.09318,11,5129.3472,0,23
37,85,3271,1.448949,3.9217579,-2.555517,.00077679998,.0087968996,.036284398,.87364107,.93867981,.071670003,9.8161297,16,6850.207,0,18.1
37,86,3253,1.489246,4.0372152,-2.4926219,.0014603999,.01546,.060889602,.93476772,.94847882,.082079999,9.8019218,14.7,6467.5562,0,18.299999
37,87,3210,1.448494,4.045917,-2.576858,.0028160999,.024665499,.091954097,1.0933729,.95447052,.073579997,9.7798052,17,6358.5649,0,18.200001
37,88,3167,1.4989769,3.972333,-2.5674789,.0080757001,.0474739,.15446059,1.099546,.91579223,.067079999,9.8014698,17.299999,7677.9731,0,18.299999
37,89,3150,1.6155781,3.9374621,-2.70805,.0171696,.080973901,.2398566,1.193626,.87444198,.056000002,9.8182058,14.7,7071.1162,0,18.4
37,90,3150,1.6987849,3.9208031,-2.5217681,.036550701,.1302699,.3476347,1.304292,.89537507,.056000002,9.828145,15.6,6730.2598,0,19.700001
37,91,3168,1.766452,3.9310889,-2.622777,.0749515,.204105,.48806179,1.377926,.91068769,.067000002,9.8226833,17,6769.771,0,19.700001
37,92,3205,1.83127,3.875216,-2.7253599,.1311406,.29220581,.63634533,1.469682,1.109704,.057,9.8441906,18.4,6547.1289,0,19.9
37,93,3231,1.848218,3.8414769,-2.4710751,.2066461,.39047009,.78203702,1.562618,1.056554,.059999999,9.8481712,19.9,6410.1538,0,20
37,94,3258,1.874066,3.895622,-2.668334,.29997209,.4979468,.92154479,1.6479321,1.015056,.057999998,9.861187,16.700001,6499.5869,0,20.4
37,95,3265.55,1.8971061,3.902272,-2.0997181,.401847,.6094057,1.047175,1.630155,1.029685,.046999998,9.8983765,17.1,5843.4458,1,20
37,96,3289.6299,1.79035,3.9265709,-2.69136,.51190472,.7204659,1.158428,1.7152981,1.105566,.041000001,9.9188061,16.6,5254.6538,1,19.9
37,97,3317,1.721948,3.898962,-2.673094,.62350702,.83218819,1.260673,1.7843961,1.078149,.041000001,9.9199924,13.7,5129.3472,1,20.1
38,85,2673,1.711899,4.1289248,-3.0626431,.0027030001,.028517401,.1120385,.45982829,.80411619,.088169999,9.8651915,11.9,8686.8555,0,22.1
38,86,2684,1.709344,4.184351,-2.71328,.0041585998,.0420679,.1601017,.4929336,.78289831,.084749997,9.8952618,12.3,8274.667,0,22.5
38,87,2701,1.694021,4.1719518,-2.870939,.0158918,.089383401,.28466639,.57503808,.79406422,.061999999,9.9042692,14.2,7833.0151,0,22.6
38,88,2741,1.69699,4.1763778,-2.9816041,.029093901,.1427259,.4254179,.70327711,.8113004,.058249999,9.9260254,10.4,9239.5947,0,22.6
38,89,2791,1.656332,4.043252,-3.036315,.069125302,.2463132,.6486733,.78193551,.81960791,.056919999,9.9560156,11.2,7891.521,0,22.5
38,90,2858,1.617453,3.933985,-3.2757461,.13827249,.37021989,.87593287,.79102719,.80546123,.05508,9.9581327,9.1999998,8019.0342,1,23.4
38,91,2919,1.6230479,3.961612,-3.0886469,.24519929,.53347212,1.138146,.82044858,.78565419,.059999999,9.9503698,13.5,8563.7598,1,22.700001
38,92,2972,1.631336,3.9739931,-3.062516,.3825483,.6954841,1.36392,.83563119,.73655581,.075000003,9.9714899,11.3,8708.3174,1,22.9
38,93,3032,1.6156189,3.9631851,-3.075335,.54712588,.87990159,1.592573,.79525542,.7341845,.071999997,9.980442,11.8,8241.626,1,22.200001
38,94,3086,1.649892,4.0562549,-3.0239961,.71455628,1.058038,1.78274,.77131069,.70885432,.054000001,10.0114,11.8,7905.6211,1,22.200001
38,95,3141.4199,1.6530941,4.1011109,-3.1926179,.90388978,1.243269,1.953097,.8098495,.76201051,.048,10.05334,11.2,7432.8638,1,22
38,96,3195.0901,1.5355099,4.016201,-3.2095571,1.082541,1.428118,2.1132281,.92041391,.76219708,.059,10.08385,11.8,5784.356,1,22.299999
38,97,3243,1.491562,4.0648041,-3.5303769,1.2699879,1.6076109,2.252425,.99721593,.80339801,.057999998,10.08255,11.6,5847.855,1,21.799999
39,85,11771,1.2040581,3.3051419,-3.0634761,.0024758,.0262428,.1034533,.095425598,.86086839,.080169998,9.9447384,10.5,11963.04,0,24.9
39,86,11783,1.285877,3.3206971,-2.8836901,.0037735,.038694099,.14881881,.1818825,.86295199,.068329997,9.9871082,10.1,11365.78,0,25.200001
39,87,11811,1.317134,3.3405399,-2.9121981,.0135976,.080619298,.26342249,.2523323,.88821638,.05658,10.00093,10.6,11242.68,0,25.1
39,88,11846,1.3015521,3.352493,-2.887506,.026774099,.1341857,.405204,.31881541,.84225959,.050919998,10.02141,10.3,10280.68,0,25.299999
39,89,11866,1.345924,3.409667,-2.7573669,.0600067,.22379,.60426348,.41186029,.79373097,.045000002,10.04745,10.4,10274.6,1,24.6
39,90,11895,1.459875,3.4149871,-2.6980131,.1246799,.3477743,.8406195,.54469681,.81519097,.053830002,10.05147,11,9594.2002,1,25.799999
39,91,11949,1.505072,3.437746,-2.75772,.2220061,.50165182,1.097383,.62761623,.83537328,.068999998,10.04936,11,9646.9238,1,24.6
39,92,11995,1.452733,3.3908761,-2.777519,.3535921,.67294508,1.354661,.67149001,.79815608,.075000003,10.06763,11.7,9312.1787,1,23.5
39,93,12048,1.4290071,3.3512809,-2.6836979,.51460779,.8586188,1.595661,.73302501,.76832348,.07,10.06874,13.2,8389.3252,1,23.700001
39,94,12052,1.450894,3.3482111,-2.828908,.68946469,1.053635,1.815927,.77092707,.7348851,.061999999,10.09234,12.5,7428.1001,1,23.4
39,95,12044.8,1.4546191,3.3824241,-2.7696691,.8860411,1.249383,2.004159,.85370177,.75710469,.059,10.13072,12.2,6942.0142,1,22.4
39,96,12038,1.465863,3.389286,-2.8649471,1.0814641,1.4436491,2.168983,.98983562,.72555351,.052999999,10.15595,11.6,6165.7432,1,22.4
39,97,12020,1.486358,3.39765,-2.836129,1.2771291,1.629931,2.308002,1.053962,.70216042,.052000001,10.15234,11.2,6147.2329,1,22.1
40,85,969,1.241942,3.777884,-3.3209169,.0019490001,.021097699,.0844189,-.076669998,.97247839,.050080001,9.9552393,9,10920.62,0,25.700001
40,86,977,1.208364,3.819387,-3.3581259,.0031383999,.0324203,.12539241,-.0062111998,.96286702,.041329999,10.00257,9.1000004,10890.22,0,26
40,87,990,1.276152,3.8930149,-3.3423569,.0084845005,.058481298,.2016795,.0302442,1.0142961,.03875,10.02757,8.1000004,10275.07,0,25.6
40,88,996,1.376964,3.8718071,-3.1901751,.020684499,.1085977,.3362301,.0010096,1.0274529,.030579999,10.0653,9.8000002,9884.168,0,25.299999
40,89,1001,1.326606,3.8779221,-3.0169339,.043496899,.180259,.51054567,.1686746,1.0471081,.039999999,10.08002,6.6999998,9493.2656,0,24.799999
40,90,1004,1.462499,3.8955131,-3.0405459,.093663201,.29161429,.74267942,.38358241,1.089413,.067829996,10.05992,7.5,8627.6211,0,24
40,91,1004,1.530291,3.823714,-3.3008289,.1753787,.43220529,.99851549,.45722309,1.131595,.085000001,10.03951,10.4,9105.3428,0,24.299999
40,92,1001,1.376506,3.7377169,-3.3252361,.28982541,.5964967,1.2656471,.55505222,1.022408,.089000002,10.0497,12,8803.6641,0,22.799999
40,93,1000,1.390535,3.712913,-3.244194,.4361586,.7817471,1.542753,.53549391,1.006958,.077,10.06695,11.2,8418.8652,0,22.299999
40,94,997,1.323159,3.6226139,-3.191179,.6034202,.98732328,1.82559,.54174268,1.007593,.071000002,10.08022,10.3,7879.0918,0,22.6
40,95,989.203,1.303663,3.65834,-3.4003921,.79251379,1.213611,2.114799,1.074246,1.065299,.07,10.13503,10.6,7596.48,0,22.200001
40,96,987.85797,1.246815,3.5984809,-3.6766629,1.0074199,1.4613219,2.408819,1.076256,1.073495,.050999999,10.14552,11,7309.9009,0,21.700001
40,97,987,1.204581,3.5028119,-3.6757939,1.236953,1.720234,2.690834,1.197312,1.070354,.052999999,10.15322,12.7,6566.3628,0,22.9
41,85,3303,1.855437,3.7531619,-2.3855591,.00083670003,.0089726001,.0356679,1.046225,.76960999,.068580002,9.6976843,15.2,3871.856,0,22.1
41,86,3343,1.919409,3.808768,-2.4413011,.0014062,.0145009,.056012802,1.098511,.81082928,.062169999,9.7297287,17.299999,3614.2219,0,22.9
41,87,3381,1.9074039,3.818918,-2.3638749,.0039626998,.0272872,.0953824,1.193025,.83513057,.055920001,9.7545767,15.6,3732.2009,0,23.5
41,88,3412,2.02652,3.8674569,-2.351229,.0093117002,.0503393,.15937661,1.255168,.88272572,.045669999,9.7925787,15.5,3773.9189,0,24
41,89,3457,2.1121659,3.8881481,-2.3798349,.0203461,.086082503,.247614,1.330084,.92921972,.047169998,9.7964678,17,3476.957,0,24
41,90,3501,2.274781,3.9215691,-2.1946571,.0415367,.1327295,.34660661,1.454766,.94856721,.046999998,9.8276386,16.200001,3150.335,0,25.6
41,91,3561,2.2744191,3.9522531,-2.181345,.079498298,.20161951,.47721329,1.532456,.96734983,.061999999,9.8106251,16.4,2911.002,0,23.799999
41,92,3603,2.245446,3.90169,-2.2679441,.1319869,.2848241,.62496668,1.575333,.9444772,.061999999,9.8254433,18.9,2701.4851,0,23.799999
41,93,3643,2.325676,3.8877339,-2.2683179,.199218,.3796131,.77733302,1.586814,.82784009,.075000003,9.834693,18.700001,2599.509,0,24.200001
41,94,3664,2.3325889,3.9060769,-2.339843,.28422859,.49102449,.93661642,1.5917701,.98568982,.063000001,9.8676138,13.8,2520.248,0,24.700001
41,95,3699.9399,2.277061,3.9209499,-2.539319,.38749951,.61729681,1.097333,1.645831,1.007822,.050999999,9.909873,19.9,2500.9951,0,24.9
41,96,3738.97,2.288723,3.9438059,-2.421432,.50549978,.75205803,1.2559479,1.667773,1.074003,.059999999,9.9266539,13,2415.446,1,25.4
41,97,3760,2.29283,3.940352,-2.4827809,.63450593,.88530803,1.391001,1.698976,1.069034,.045000002,9.9360113,13.1,2474.8601,1,25.6
42,85,698,.32597941,3.2347939,-3.9832699,.0014062,.0143506,.054991499,.26004389,.73322278,.052499998,9.719058,17.299999,9083.9707,1,20.9
42,86,696,.23797549,3.271817,-3.213145,.0019129,.018967301,.071039997,.39586809,.74887192,.048670001,9.7537327,17,7608.8892,1,21.200001
42,87,696,.1987095,3.2604151,-3.9804001,.0088135004,.045064699,.1367019,.41119581,.78439999,.042330001,9.7795067,15.2,7740.8618,1,21.5
42,88,698,.152512,3.2297621,-3.4571769,.0154507,.0700249,.19942971,.48727459,.79872322,.039080001,9.7653551,14.2,7851.4858,1,21
42,89,697,.32947919,3.264039,-4.3495612,.0356142,.1160956,.29031229,.3793388,.80997467,.041579999,9.8142815,13.2,7891.521,1,21.6
42,90,697,.48583889,3.311496,-3.907728,.072262801,.1736888,.385443,.58890188,.84277862,.036169998,9.8617363,13.3,7303.0479,1,23.4
42,91,702,.6014629,3.3676889,-4.0690269,.1210351,.2365794,.4716782,.65438539,.87319452,.034000002,9.8698616,14,6871.3169,1,23.5
42,92,708,.66956621,3.3379891,-5.1761498,.1811236,.29838201,.54752862,.67154813,.69029409,.030999999,9.8960752,14.8,6515.3472,1,23.6
42,93,715,.73424888,3.31411,-3.3942289,.24587201,.35939261,.60707438,.74207193,.64096141,.035,9.9023857,14.2,6026.1362,1,23.5
42,94,721,.82242203,3.358505,-4.2780542,.30376241,.41631931,.65131158,.77566129,.47697231,.033,9.9720716,14.5,5518.0171,1,24.299999
42,95,728.25098,.73120397,3.352015,-4.0256958,.37013251,.47546139,.6961183,.86243922,.75434268,.028999999,9.924325,14.5,5095.4849,1,23.700001
42,96,730.69897,.5738076,3.331394,-4.3967772,.42447871,.53268152,.74092841,.94358259,.81241542,.032000002,9.9879084,11.8,4513.0688,1,24.299999
42,97,738,.68019098,3.4169271,-4.3013592,.47961459,.5891993,.78759652,1.0384001,.83314258,.030999999,9.9555626,16.5,4810.0098,1,24.1
43,85,4715,1.566847,3.618752,-2.397047,.0015801,.0175028,.0711459,.63018632,.79383498,.079999998,9.7570047,18.1,5460.3101,0,19.799999
43,86,4739,1.69915,3.7009449,-2.2469749,.0027705,.0293839,.1158847,.4975889,.75891107,.080329999,9.8143263,18.299999,4993.333,0,20.9
43,87,4783,1.689175,3.736325,-2.3769989,.0063252999,.0487177,.1746331,.61801612,.82760131,.066079997,9.8423405,16.9,4791.9619,0,21
43,88,4822,1.6927609,3.692848,-2.3475461,.016710401,.092709102,.2926552,.65944749,.87932038,.057750002,9.8646994,18,4511.3521,0,21.5
43,89,4854,1.720395,3.697566,-2.4544721,.034230798,.15051401,.43404201,.72438377,.92865688,.05125,9.8788528,18.4,4141.0952,0,21.1
43,90,4892,1.899713,3.7767291,-2.2589869,.074743897,.2451719,.63146907,.78387707,.90109551,.052170001,9.8795033,16.9,3794.7209,0,21.9
43,91,4952,1.9824769,3.837662,-2.2030981,.1477223,.38071689,.88420242,.75305009,.87190223,.066,9.8746862,15.5,3520.281,0,21.4
43,92,5025,2.0095689,3.781626,-2.268352,.2470405,.52209222,1.10387,.8402921,1.050912,.064000003,9.9114437,17,3368.9109,0,21.700001
43,93,5099,2.035722,3.8008139,-2.28105,.38654071,.69445252,1.343236,.85781801,1.066939,.057,9.925889,19.6,3249.387,0,21.6
43,94,5175,2.01213,3.7777879,-2.373651,.54510617,.86372042,1.537191,.92227399,1.020246,.048,9.9606895,14.6,3024.2981,1,21.5
43,95,5241.1699,2.0459671,3.8295591,-2.241735,.71156943,1.032825,1.702625,1.023458,1.026093,.052000001,10.02626,15.5,2641.238,1,21.4
43,96,5313.5801,2.0475659,3.8460989,-2.35743,.89009392,1.2028379,1.854635,1.065146,1.048501,.052000001,10.0345,15.9,2288.3169,1,21.5
43,97,5368,2.066433,3.854845,-2.351841,1.0582269,1.367542,1.977687,1.078671,1.120102,.054000001,10.03078,14.3,2255.3159,1,21.299999
44,85,16273,1.710636,4.103404,-2.0324471,.00141,.0154008,.062010098,.82926011,.85317981,.070079997,9.9280357,15.9,5907.062,0,29.1
44,86,16561,1.892748,4.219285,-1.992571,.0023407,.024397001,.094994903,.83568662,.87623149,.088830002,9.8984003,17.299999,5516.4438,0,29
44,87,16622,1.852344,4.27145,-2.138293,.0067198998,.045833498,.1583183,.84449041,.8960523,.084420003,9.8891201,17.6,5252.728,0,27.5
44,88,16667,1.882485,4.3060999,-2.109344,.0149867,.081018902,.25456321,.84823418,.92751378,.073080003,9.9052229,18,4728.2432,0,27.5
44,89,16807,1.895712,4.2970119,-2.1142521,.0329559,.1368603,.38884911,.88631451,.96494663,.067249998,9.9191084,17.1,4219.229,0,27.6
44,90,17060,2.0257311,4.2534661,-1.965862,.069594704,.2183232,.55846852,.96289402,.97462589,.061670002,9.9306412,15.9,3866.3201,0,29
44,91,17352,2.1281371,4.245316,-1.878394,.1303432,.32538089,.75285012,1.076126,.98334658,.066,9.9306669,17.5,3554.1299,0,27.700001
44,92,17683,2.085819,4.1338911,-2.0665741,.21759211,.4532752,.96172059,1.091305,1.191587,.075000003,9.9572639,17.799999,3432.4751,0,28.5
44,93,18031,2.030942,4.039001,-2.128021,.3303543,.59703439,1.17098,1.229494,1.217532,.07,9.9642467,17.4,3190.3069,0,28.1
44,94,18378,1.955133,3.9446621,-2.207067,.4622961,.75382459,1.373395,1.358215,1.248324,.064000003,9.9740763,19.1,2865.124,0,28.299999
44,95,18679.699,1.895285,3.9184771,-2.4009359,.6132763,.91997331,1.56248,1.861181,1.271323,.059999999,10.03184,17.4,2547.7419,1,27.1
44,96,19006.199,1.86961,3.931221,-2.554754,.77497751,1.087888,1.728305,1.922763,1.2737859,.056000002,10.05282,16.6,2224.752,1,27.1
44,97,19439,1.795969,3.8873169,-2.684361,.94277048,1.2549,1.874207,1.940932,1.2760479,.054000001,10.0708,16.700001,2095.6479,1,27
45,85,1643,.98462611,3.9231839,-3.4922559,.0003166,.0035463001,.0145224,-.084212899,.72410572,.059250001,9.6977673,10.9,7892.6289,0,13.8
45,86,1663,.98225641,3.954684,-3.4460869,.00056279998,.0059222998,.023221901,-.0122476,.72342068,.059670001,9.7155733,12.6,8845.333,0,13.7
45,87,1678,.8333236,3.988101,-3.418025,.00099830003,.0090039,.033530399,.048131399,.76057541,.063419998,9.7198858,10.2,8892.7754,0,13
45,88,1689,.8892864,3.978148,-3.581744,.0032734,.0185377,.059310399,.0905312,.78408659,.048829999,9.7291555,9.8000002,8328.6484,0,12.8
45,89,1706,.95130932,3.9938891,-3.6352439,.0064546,.030531799,.090496399,.1406111,.80902058,.046829998,9.7460203,8.1999998,8360.3242,0,12.7
45,90,1732,1.038324,3.979228,-3.5057881,.014415,.050742701,.1344085,.3278943,.80662239,.043079998,9.7551594,8.1999998,8126.4312,0,12.7
45,91,1767,1.055437,3.975904,-3.525795,.0291564,.078245103,.1864661,.35655949,.79905611,.048999999,9.7621841,12.9,8022.1782,0,13.2
45,92,1811,1.067582,3.9841461,-3.51265,.050365102,.1102689,.2389193,.3881495,.77670991,.048999999,9.7833872,9.3000002,8231.584,0,13
45,93,1860,1.102012,3.89921,-3.4678891,.079153799,.1474795,.29537311,.39454621,.80705738,.039000001,9.7937174,10.7,7828.0679,0,21.9
45,94,1908,1.113525,3.91131,-3.5284591,.1131704,.1876775,.35009441,.43408391,.8220982,.037,9.8366289,8,7481.1572,0,12.9
45,95,1976.77,1.177173,4.0407491,-3.2584879,.14964759,.2298927,.40137851,.46744531,.82204908,.035999998,9.872345,8.3999996,7339.3682,1,12.8
45,96,2022.25,1.188598,4.0238738,-3.468833,.1920523,.27564171,.45280239,.55632812,.90142232,.035,9.9047661,7.6999998,6525.9409,1,13.2
45,97,2059,1.206107,4.036263,-3.717953,.234833,.3224892,.50127852,.66671461,.92718279,.030999999,9.9155798,8.8999996,6805.8652,1,13
46,85,530,.39915591,3.63116,-3.3825049,.0027562,.0291434,.114682,-.33230641,.73404509,.046920002,9.8485041,9.1999998,9927.835,1,26.6
46,86,534,.41292781,3.6578801,-3.8825009,.0040996,.041680198,.1592495,-.17930719,.74552482,.048,9.9077749,11,11032.89,1,27.6
46,87,540,.3258338,3.7366991,-3.583519,.015443,.089609802,.2896308,-.1958964,.75487268,.037420001,9.935688,9.3000002,10781.92,1,27.799999
46,88,550,.36337969,3.723983,-3.9120231,.029591201,.1464327,.44000551,-.067010701,.79433233,.02675,9.9602709,8.1000004,10801.22,1,27
46,89,558,.29970631,3.6937511,-3.9264641,.0672656,.2467718,.66142899,.0054397001,.82417542,.035829999,9.9920559,8,10079.27,1,26
46,90,564,.2386259,3.738724,-3.7701049,.1394898,.38408959,.92380607,.1149914,.80293339,.048579998,9.9729328,10.9,9343.6064,1,26.1
46,91,568,.15314411,3.645891,-3.8572149,.24387109,.54269469,1.18177,.188508,.78539008,.064000003,9.9512835,12.6,8766.8535,1,25
46,92,571,.088761203,3.4949141,-3.862483,.38927841,.73266548,1.470618,.25502431,.71921289,.066,9.9767723,10.4,8517.624,1,23.9
46,93,576,.13309731,3.652776,-3.3115849,.55908757,.9267906,1.724265,.4153403,.7105087,.054000001,9.9796867,10,8655.1846,1,23.700001
46,94,580,-.031526301,3.451082,-4.571269,.74200642,1.136971,1.971366,.43847889,.68617851,.046999998,9.9939384,7.5999999,8515.7861,1,23.299999
46,95,582.82703,.1716955,3.50488,-3.8029411,.95468408,1.357996,2.2049761,.80786037,.68622673,.041999999,10.04172,10.3,7947.0869,1,22.799999
46,96,586.35199,.1969627,3.365459,-3.9760251,1.164976,1.58125,2.4157779,.60939091,.75739259,.046,10.06101,12.6,8411.6826,1,23.299999
46,97,589,.1797716,3.2989759,-4.181201,1.384371,1.801054,2.607811,.65161812,.63639158,.039999999,10.0434,9.3000002,8422.5078,1,2.5
47,85,5715,1.0790581,3.5493109,-2.6469619,.0020127001,.021816101,.087374099,.63637429,.82663429,.055830002,9.9849701,10,8637.2168,0,22.4
47,86,5812,1.114092,3.5662899,-2.649087,.0032573,.033829302,.13137271,.71794653,.84120512,.050080001,10.03191,9.6999998,8322.2227,0,23.4
47,87,5932,1.076913,3.596555,-2.6081841,.0098764002,.064869396,.2207468,.76939738,.85014498,.042330001,10.05443,9.8999996,7740.8618,0,23.5
47,88,6037,1.089126,3.6509659,-2.557194,.021413799,.1129267,.3499347,.77926612,.89722961,.039080001,10.07846,10.8,7461.0811,1,23.299999
47,89,6120,1.135872,3.659687,-2.545531,.047001299,.1888302,.52724159,.83599401,.94293278,.039170001,10.09796,10.9,7461.7852,1,23.6
47,90,6207,1.251358,3.7079611,-2.432647,.099349402,.30061021,.75452203,.97794521,.94550049,.042750001,10.08653,11.1,6873.458,1,24
47,91,6288,1.3166111,3.745455,-2.378211,.1834946,.44396481,1.008719,1.031826,.94734842,.057999998,10.07138,9.8999996,6498.98,1,23
47,92,6394,1.3188111,3.666945,-2.428061,.30246341,.61209112,1.275641,1.139943,.97436762,.064000003,10.08065,9.3999996,6133.96,1,22.5
47,93,6491,1.3142819,3.6225419,-2.488456,.4535352,.79602933,1.530458,1.188638,.78619409,.050000001,10.08279,9.6999998,5878.436,1,22.200001
47,94,6552,1.274546,3.6081879,-2.440136,.62505841,.99073172,1.765624,1.249081,1.032048,.048999999,10.10628,10.7,5438.4302,1,21.700001
47,95,6601.3901,1.2874759,3.593708,-2.574446,.81878692,1.1969759,1.990144,1.414881,1.047362,.045000002,10.15624,10.2,5001.9902,1,20.700001
47,96,6665.4902,1.229027,3.592407,-2.590091,1.018697,1.401963,2.1872461,1.434513,1.010784,.044,10.17183,12.3,4809.7031,1,20.6
47,97,6734,1.2390929,3.564147,-2.624609,1.222478,1.606316,2.36356,1.422863,1.025841,.039999999,10.17056,12.7,4670.2998,1,20.5
48,85,4400,1.449962,4.1134748,-2.9469421,.017580301,.098038003,.31190789,.4512105,.73683798,.081419997,9.9784212,12,10176.03,1,21.5
48,86,4453,1.477093,4.167767,-2.9941621,.0395579,.1682238,.48447749,.4526667,.77010822,.081919998,10.02256,12.9,9368.4443,1,21.799999
48,87,4532,1.481815,4.1875758,-2.8737409,.084322304,.2734544,.71317983,.39394611,.78450942,.075999998,10.02458,10,10090.77,1,21.9
48,88,4640,1.535337,4.1921601,-2.8665209,.15804259,.4114064,.97606611,.30219451,.79919147,.061749998,10.02647,8.6999998,9846.8926,1,21.700001
48,89,4746,1.5544339,4.1176419,-3.1227231,.26903361,.58273721,1.267886,.2258984,.80689907,.061749998,10.06093,9.6000004,9024.4629,1,21.9
48,90,4897,1.60637,4.0405798,-3.024107,.41363919,.77091497,1.549109,.37826899,.7957384,.048749998,10.07228,8.8999996,8627.6211,1,22.4
48,91,5016,1.654042,4.0576439,-3.16853,.58920717,.99001628,1.852219,.49019361,.77571571,.063000001,10.0758,9.5,8529.9121,1,21.6
48,92,5143,1.674875,4.030798,-2.9924321,.79037797,1.223188,2.147337,.6017766,.79458249,.075000003,10.10119,11,9185.0498,1,22.1
48,93,5255,1.638137,3.9959481,-2.964817,1.008736,1.467851,2.4194989,.66084009,.79991639,.075000003,10.09348,12.1,9068.7432,1,21
48,94,5343,1.631722,4.0102859,-2.8999629,1.24831,1.722857,2.6733551,.68445098,.79526752,.064000003,10.10793,11.7,8781.0752,1,20.9
48,95,5431.02,1.577441,4.0579429,-2.9831121,1.503919,1.985831,2.909014,.70680982,.7968781,.064000003,10.14427,12.5,8531.4316,1,20.4
48,96,5509.96,1.46552,4.0075412,-3.07305,1.753088,2.227072,3.0981841,.75956678,.8053661,.064999998,10.17437,11.9,7373.4648,1,20.1
48,97,5610,1.483224,4.0047112,-3.1475091,2.0002489,2.451437,3.2464609,.8213284,.82332212,.048,10.18379,9.1999998,7763.875,1,20
49,85,1907,.52198488,3.053323,-3.2628269,.000045600002,.00059299998,.0026487999,-.1996915,.56934887,.13075,9.6517162,22.299999,5857.4229,0,19.700001
49,86,1882,.51697028,3.088552,-2.8038919,.0001255,.0016541,.0074438001,-.1003043,.5598405,.11842,9.6880007,22.4,5611.5562,0,19.6
49,87,1858,.33793199,3.042855,-3.0054669,.00038889999,.0038912001,.015949,-.245713,.55946398,.10792,9.6830807,21.6,7234.02,0,19.9
49,88,1830,.30232841,3.077111,-2.9794719,.000734,.0069943001,.0272326,-.24862701,.58121687,.10033,9.7083006,17.9,6463.3779,0,20.1
49,89,1807,.41043341,3.125653,-2.7036331,.001448,.0112883,.041278102,-.1615551,.60524118,.086170003,9.7247725,15.7,7071.1162,1,20.200001
49,90,1795,.52553582,3.1492059,-2.8677881,.0034991,.019850399,.065368302,-.098191999,.59678501,.08292,9.7483778,18.1,6121.6729,1,21.700001
49,91,1799,.64824051,3.2088871,-2.7854559,.0075873001,.034711301,.1038536,-.0739794,.58188879,.105,9.7575083,17.9,5923.5498,1,21.5
49,92,1809,.75087363,3.178952,-2.7555971,.0155692,.057441499,.1574478,-.0055741998,.71839547,.113,9.7847652,22.299999,6006.832,1,21
49,93,1820,.73432082,3.145951,-2.67031,.0310854,.090631999,.2260492,.12750161,.73191059,.108,9.794651,22.200001,5671.6572,1,21.6
49,94,1822,.76895899,3.1409681,-2.91257,.055880401,.1327047,.3020241,.1272618,.69479418,.089000002,9.8301058,18.6,4695.6211,1,21.5
49,95,1820.5601,.74684888,3.116693,-3.0182631,.090756796,.1822457,.38248131,.2467915,.72952461,.079000004,9.8342695,16.700001,4254.0288,1,20.9
49,96,1818.98,.74615258,3.1276569,-3.2719259,.1338772,.2361346,.46168301,.3215369,.75694859,.075000003,9.8451862,18.5,3771.4851,1,21
49,97,1816,.78238171,3.1137111,-3.186903,.1835907,.2967737,.54532123,.4147768,.78826678,.068999998,9.8371267,16.4,3652.415,1,21
50,85,4748,.73278898,3.645833,-3.560204,.0014765,.0155396,.060942098,.049031399,.94287682,.072080001,9.8943863,11.6,10573.14,0,32.099998
50,86,4756,.95335799,3.6538529,-3.4632161,.0022028999,.022567,.086730003,.1277491,.958278,.070500001,9.9329729,10.7,11651.11,0,32.700001
50,87,4778,.9220506,3.6746039,-3.3478129,.0084426999,.0487382,.1576595,.18403719,.97975111,.061080001,9.9412937,9,12624.98,0,31.5
50,88,4822,.76996231,3.6338079,-3.511131,.0161504,.080371201,.2422325,.24852,.98440701,.042920001,9.9472141,7.8000002,13273.78,0,31
50,89,4857,.80226839,3.6763921,-3.317692,.036272101,.13368531,.36061999,.2713213,.98442608,.043749999,9.9652624,8.3999996,11251.28,0,30.200001
50,90,4903,.97109407,3.718678,-3.081502,.075321399,.20778529,.50274348,.33281839,.97556531,.04383,9.9693375,9.3000002,9952.1924,0,30.5
50,91,4947,1.020292,3.736639,-3.0300729,.13242351,.29831991,.65586728,.41675469,.9645077,.054000001,9.9605207,9.8999996,10154.66,0,29
50,92,4993,1.017066,3.702446,-3.1312971,.20905951,.39915279,.8112551,.45213211,1.0294321,.050999999,9.9926596,10.8,10043.17,0,28.1
50,93,5038,.97233248,3.634861,-3.122087,.3035835,.51240331,.96555603,.47040409,1.072162,.046999998,9.9995327,12.6,9423.2217,0,28.299999
50,94,5082,.99518847,3.6038201,-3.10851,.40650219,.63432473,1.114681,.51383817,1.044718,.046999998,10.03168,9,8754.5459,0,28.299999
50,95,5137,1.030689,3.582073,-3.155154,.52676809,.76201212,1.25348,.6790778,1.08041,.037,10.07112,8.5,8554.8057,0,28
50,96,5173.8301,.92433202,3.5720999,-3.233248,.65008432,.89274567,1.381525,.77935451,1.086535,.035,10.09,8.8000002,7881.98,0,27.6
50,97,5170,.99532712,3.528435,-3.227618,.77860999,1.0214911,1.492936,.91004223,1.098968,.037,10.09384,8.1999998,8422.5078,0,28.6
51,85,500,.96088159,3.6444049,-3.1235659,.0004554,.0049763001,.020042,.36023289,1.247942,.07158,9.9106588,12,7445.876,0,26
51,86,496,1.097267,3.7267129,-2.9107389,.00079389999,.0083074002,.0324426,.4213385,1.280934,.091499999,9.8742666,14.6,6990.667,0,24.5
51,87,477,1.067382,3.6507399,-3.8649311,.0023940001,.015941299,.0549476,.55151862,1.203771,.087080002,9.8398495,10.8,7234.02,0,24.5
51,88,465,1.157084,3.610976,-3.657131,.0049295998,.027066899,.085569203,.65249991,1.226054,.063000001,9.8706474,9.6000004,6983.918,0,23.6
51,89,458,.98545831,3.6284659,-3.0823469,.0114252,.046781499,.13203239,.70914751,1.234471,.062749997,9.892477,10.9,6016.3091,0,23
51,90,454,1.102277,3.665029,-3.027055,.0230671,.071549498,.1823412,.80655378,1.268852,.05308,9.9393129,11,5835.2778,0,25.1
51,91,458,1.1364599,3.7127199,-3.418819,.044017199,.1096235,.2519933,.89401811,1.296476,.050999999,9.9784079,9.8999996,6431.2832,0,24.700001
51,92,465,1.163823,3.752964,-3.3088241,.072859697,.1518888,.32167909,.87528682,1.410028,.056000002,9.9793291,10.3,6197.5249,0,24.700001
51,93,470,1.051417,3.6575971,-3.3801439,.110826,.2008304,.39219111,.82681298,1.391121,.054000001,9.9951229,13.3,6262.4541,0,24.299999
51,94,476,1.002391,3.693177,-3.3928289,.15642039,.2536737,.45873639,.87546867,1.272625,.052999999,10.00381,9.3000002,6420,1,25
51,95,478.44699,.93606073,3.7084961,-3.86796,.2077004,.3065275,.51342231,.93872619,1.218572,.048,10.00949,12.2,6123.9321,1,23.6
51,96,480.08499,.91694659,3.691875,-3.4013741,.26025349,.35878029,.56241792,1.077247,1.233125,.050000001,10.01677,11.9,5657.228,1,24.6
51,97,480,.93690997,3.6701109,-3.3405731,.31392539,.40946019,.60497409,1.127859,1.3320791,.050999999,10.02561,13.5,6286.9429,1,24.6
